Carnestown	FL	0.0	34137
Madeira Beach	FL	0.0	33708 33738
Langmar	FL	0.0	32220
Sumner	FL	0.0	32625
Hidden River	FL	0.0	34240
Octahatchee	FL	0.0	32053
North Sarasota	FL	2370.0	34234
Hillsboro Beach	FL	0.0	33062
Falmouth	FL	0.0	32060
Boca West	FL	0.0	33434
Waters Lake	FL	0.0	32693
Point Pleasant	FL	0.0	32134
Steele City	FL	0.0	32431
Aripeka	FL	0.0	34679
Highland City	FL	0.0	33846
Eldridge	FL	0.0	32180
New Point Comfort	FL	0.0	34223
Irvine	FL	0.0	32686
Royal Terrace	FL	0.0	32209
North Redington Beach	FL	0.0	33708
Bohemia	FL	0.0	32504
Ocheesee	FL	0.0	32424
Fruit Cove	FL	0.0	32259
Woods	FL	0.0	32321
Nowatney	FL	0.0	33613
Ulmerton	FL	0.0	33771
South Beach	FL	0.0	32963
Floridale	FL	0.0	32583
Myrtle Grove	FL	0.0	32506 32512 32507 32511 32516
Morgan Place	FL	0.0	32334
Perdido Heights	FL	0.0	32506
Lake Lorraine	FL	7283.0	32579
Palm Harbor	FL	0.0	34682 34684 34685 34683
Rotonda	FL	0.0	33947
Highland Beach	FL	4244.0	33487
Port Boca Grande	FL	0.0	33921
Keaton Beach	FL	0.0	32348
Peach Orchard	FL	0.0	32618
McMeekin	FL	0.0	32640
Clio	FL	0.0	32334
Buckingham	FL	0.0	33905
Panama City	FL	0.0	32405 32402 32401 32403 32404 32406 32409 32408 32417 32411 32412
Taft	FL	0.0	32824
Eastpoint	FL	0.0	32328
Fluffy Landing	FL	0.0	32439
Verdie	FL	0.0	32009
Usina Beach	FL	0.0	32084
Bryant	FL	0.0	33438
Boulogne	FL	0.0	32046
Fort De Soto	FL	0.0	33715
Okaloo	FL	0.0	32567
Sea Ranch Lakes	FL	0.0	33308
Sixmile Creek	FL	0.0	33619
Miramar	FL	0.0	33029 33025 33027 33023
Beville Heights	FL	0.0	32607
Birch Ocean Front	FL	0.0	33304
Ridge Harbor	FL	0.0	33982
Connersville	FL	0.0	33830
Beauclerc Gardens	FL	0.0	32257
Blackman	FL	0.0	32531
Baldwin	FL	0.0	32234
Royal Palm Beach	FL	38697.0	33421
Lake Park	FL	0.0	33403
Blue Mountain Beach	FL	0.0	32459
Schall Circle	FL	755.0	33417
New Home	FL	0.0	32435
Rerdell	FL	0.0	33597
Walton	FL	0.0	34982
Boardman	FL	0.0	32667
Koerber	FL	0.0	32433
Port Mayaca	FL	0.0	33438
Tallevast	FL	0.0	34270
Hull	FL	0.0	34269
Lake Kathryn Heights	FL	0.0	32767
Interlachen	FL	0.0	32149 32148
Lake Suzy	FL	0.0	34269
Fort Lonesome	FL	0.0	33547
Moss Bluff	FL	0.0	32179
New Port Richey	FL	0.0	34652 34654 34656 34653 34655
Washington Park	FL	0.0	33311
Usher	FL	0.0	32626
Bascom	FL	0.0	32423
Wannee	FL	0.0	32619
Orienta Gardens	FL	0.0	32701
Prosperity	FL	0.0	32464
Neoga	FL	0.0	32110
Denaud	FL	0.0	33935
Indian Harbour Beach	FL	8888.0	32937
Islamorada, Village of Islands	FL	7051.0	33036 33070
Elwood Park	FL	0.0	34208
Blacks Ford	FL	0.0	32092
White Springs	FL	0.0	32096
Forest Grove	FL	0.0	32615
New Smyrna Beach	FL	0.0	32170 32169 32168
Orange City	FL	0.0	32774 32763
Hickory Hill	FL	0.0	32464
Harney	FL	0.0	33617
Point O'Rocks	FL	0.0	34242
Sun City Center	FL	0.0	33573 33571
Palmetto Estates	FL	0.0	33157
Switzerland	FL	0.0	32259
Jonesboro	FL	0.0	32359
Trapnell	FL	0.0	33566
Queens Cove	FL	0.0	34949
Venus	FL	36.0	33960
Wilcox	FL	0.0	32693
Tang-O-Mar Beach	FL	0.0	32550
Montbrook	FL	0.0	32696
Goodno	FL	0.0	33471
Pine Hill Estates	FL	0.0	32606
Floritan	FL	0.0	33859
Los Trancos Woods	FL	0.0	32606
Point Baker	FL	0.0	32570
Murdock	FL	0.0	33938
Horizon West	FL	0.0	34787 34786 32836 34777 34778
Kerr City	FL	0.0	32134
North Key Largo	FL	0.0	33037
Brent	FL	0.0	32503 32505 32520
Vineland	FL	0.0	32836
Pineda	FL	0.0	32955
Vermont Heights	FL	0.0	32033
Viera	FL	0.0	32940
Manasota	FL	0.0	34223
Roosevelt Gardens	FL	0.0	33311
Timber Pines	FL	4935.0	34606
Davis Shores	FL	0.0	32080
Bogia	FL	0.0	32568
Old Town	FL	615.0	32680
American Beach	FL	0.0	32034
Browns Still	FL	0.0	32054
Isle of Normandy	FL	0.0	33141
Flagler Beach	FL	0.0	32136
Santa Clara	FL	0.0	32351
Saint Catherine	FL	0.0	33597
Meadow Oaks	FL	0.0	34669
Muddy Ford	FL	0.0	32566
Belleview Heights	FL	0.0	34491
Edgewater	FL	0.0	32141 32132
Plains	FL	0.0	33857
Ona	FL	0.0	33865
Hathaway Mill	FL	0.0	32425
Gross	FL	0.0	32097
Fort Green	FL	0.0	33834
Rotonda West	FL	0.0	33947
Gulf Lagoon Beach	FL	0.0	32408
Doctors Inlet	FL	0.0	32030
West Miami	FL	0.0	33144 33155
Sebring	FL	54931.0	33876 33871 33872 33875 33870
Compass Lake	FL	0.0	32420
Walnut Hill	FL	0.0	32568
Fort King Acres	FL	0.0	33541
Oak	FL	0.0	34479
Memphis	FL	0.0	34221
Delwood Beach	FL	0.0	32408
Desoto Lakes	FL	0.0	34235
Ellisville	FL	0.0	32025
Fuller Heights	FL	0.0	33860
West Deerfield Beach	FL	0.0	33442
Bermont	FL	0.0	33982
Manhattan Beach	FL	0.0	32233
Asbury Lake	FL	11629.0	32043 32067
Chokoloskee	FL	0.0	34138
Pierce	FL	0.0	33830
Lottieville	FL	0.0	32693
Hollingsworth Bluff	FL	0.0	32038
Lake Marian Highlands	FL	0.0	34739
Saint Augustine Beach	FL	0.0	32080
Holmes Beach	FL	0.0	34218
Mikesville	FL	0.0	32024
Ayers	FL	0.0	34604
Volusia	FL	0.0	32102
Allandale	FL	0.0	32127
Sargent	FL	0.0	31631
Zellwood	FL	0.0	32798
Jamieson	FL	0.0	32333
Palm River-Clair Mel	FL	25492.0	33619 33660
Iamonia	FL	0.0	32312
Rice Creek	FL	0.0	32177
Heathrow	FL	0.0	32746
Placid Lakes	FL	0.0	33852
Durant Estates	FL	0.0	32607
Jupiter	FL	0.0	33478 33468 33458 33477
Achan	FL	0.0	33860
Golf	FL	0.0	33436
Edgar	FL	0.0	32640
Garden City	FL	0.0	32536
Sorrento	FL	0.0	32776
Coconut Creek Park	FL	0.0	33066
Frontenac	FL	0.0	32927
Seven Springs	FL	0.0	34655
Hammondville	FL	0.0	33063
Sunrise Harbor	FL	0.0	33133
Margaretta	FL	0.0	32040
Chatmire	FL	0.0	34432
Dalkeith	FL	0.0	32465
Masaryktown	FL	0.0	34604
Palmetto	FL	0.0	34221 34220
South Mulberry	FL	0.0	33860
Lithia	FL	0.0	33547
Golden Lakes	FL	0.0	33411
Panama Park	FL	0.0	32208
Gun Club Estates	FL	0.0	33406
Island Walk	FL	0.0	34119
Fowlers Bluff	FL	0.0	32626
West Park	FL	15074.0	33023
Panacea	FL	1050.0	32346
Shalimar	FL	823.0	32579
Gibson	FL	0.0	32333
Sarasota Springs	FL	0.0	34232
Newberry	FL	2058.0	32669
Mount Pleasant	FL	0.0	32352
Haines City	FL	0.0	33845 33844
San Blas	FL	0.0	32403
Clear Springs	FL	0.0	32567
Maytown	FL	0.0	32759
Fellsmere	FL	0.0	32948
Shenks	FL	0.0	32694
Leisure City	FL	0.0	33033
Clarcona	FL	0.0	32710
Yalaha	FL	0.0	34797
Wacahoota	FL	0.0	32667
Coral Heights	FL	0.0	33334
Palmer Ranch	FL	0.0	34238
Confer	FL	0.0	32784
Riomar	FL	0.0	32963
Fort Walton Beach	FL	55494.0	32548 32547 32549
West Palm Beach Farms	FL	0.0	33413
Whittier	FL	0.0	34739
Fort Caroline	FL	0.0	32225
Fountain	FL	0.0	32438
Lake Placid	FL	20813.0	33862 33852
Hernando Beach	FL	0.0	34607
Caryville	FL	0.0	32427
Palm Shadows	FL	0.0	32732
City Point	FL	0.0	32926
Alpine Heights	FL	0.0	32435
Piney Grove	FL	0.0	32433
Hyde Park	FL	0.0	32327
Buda	FL	0.0	32643
Orange Blossom Hills South	FL	0.0	32159
Sampson	FL	0.0	32259
Craggs	FL	0.0	32643
Council	FL	0.0	34135
Lake Lindsey	FL	0.0	34601
LaBelle	FL	4884.0	33935 33975
Yellow Bluff Fort	FL	0.0	32226
Floresta Estates	FL	0.0	33441
Oakleaf Plantation	FL	0.0	32068 32065 32073
Tatum	FL	0.0	34240
Mullis City	FL	0.0	33618
Bowling Green	FL	0.0	33834
Franklin	FL	0.0	32320
Blanton	FL	0.0	33523
Rocky Point	FL	0.0	32608
Dania	FL	0.0	33004
Franklin Park	FL	0.0	33311
Southeast Arcadia	FL	0.0	34266
Molino Crossroads	FL	0.0	32577
Tropic	FL	0.0	32952
Bessemer	FL	0.0	34956
Pine Barren	FL	0.0	32577
Dirego Park	FL	0.0	32405
Keystone	FL	0.0	33626 33556 33558
Brentwood Estates	FL	0.0	33334
Sandalfoot Cove	FL	0.0	33433
Lands End Ranch	FL	0.0	32148
Oakland	FL	0.0	34760
Sneads	FL	0.0	32460
Carlton Village	FL	0.0	32159
Branchville	FL	0.0	32352
Harbor Bluffs	FL	0.0	33770
Magnolia Beach	FL	0.0	32408
Frog City	FL	0.0	33194
Hoyt	FL	0.0	34481
Barberville	FL	0.0	32105
Belle Glade Camp	FL	0.0	33430
Magnolia Springs	FL	0.0	32043
Rex	FL	0.0	32640
Memphis Heights	FL	0.0	34221
Simsville	FL	0.0	32448
Hobe Sound	FL	0.0	33475 33455
Chapel Hill	FL	0.0	33435
Gladeview	FL	0.0	33147
Yeehaw Junction	FL	0.0	34972
Hell Gate	FL	0.0	33469
Lake Buena Vista	FL	0.0	32830
Saunders	FL	0.0	32466
Rood	FL	0.0	33478
Bellwood Estates	FL	0.0	32303
Gonzalez	FL	0.0	32560
Astatula	FL	0.0	34705
Naples	FL	0.0	34107 34114 34108 34103 34109 34101 34105 34120 34102 34117 34116 34110 34112 34106 34104 34119 34113
Vero Lake Estates	FL	7194.0	32967
Kynesville	FL	0.0	32431
Ellerbee	FL	0.0	32083
Cosmo	FL	0.0	32225
Clarkwild	FL	0.0	33592
Cross Creek	FL	0.0	32640
Lakeport	FL	0.0	33471
Shamrock	FL	0.0	32628
Millers Ferry	FL	0.0	32462
Royals Crossroads	FL	0.0	32464
Riverview	FL	1026.0	33569 33568 33578 33579
Zephyrhills West	FL	0.0	33542 33541
Meldrim Park	FL	0.0	32092
Hague	FL	0.0	32615
Snug Harbor	FL	0.0	34996
Hilden	FL	0.0	32095
Rosedale	FL	0.0	32324
Yelvington	FL	0.0	32131
Iona	FL	0.0	33908
Chattahoochee	FL	0.0	32324
Northwood	FL	0.0	32605
Marco Island	FL	15929.0	34146 34145
Okeechobee	FL	19728.0	34973 34972
Bakers Mill	FL	0.0	32052
Terra Ceia	FL	0.0	34250
Kenwood Estates	FL	0.0	33461 33463
Shadeville	FL	0.0	32327
Venetia	FL	0.0	32210
Harrisburg	FL	0.0	33944
Loughman	FL	0.0	33858
Rockdale	FL	0.0	33176
Redland	FL	0.0	33031
Campton	FL	0.0	32567
Bennett	FL	0.0	32466
Starr	FL	0.0	32060
Sisco	FL	0.0	32181
Ethel	FL	0.0	32776
Conch Key	FL	0.0	33050
Ocean Vue	FL	0.0	33441
Cross City	FL	0.0	32628
Lazy Lake	FL	0.0	33305
West Melbourne	FL	0.0	32904
Jerome	FL	0.0	34141
Port Sewall	FL	0.0	34996
Plantation Park	FL	0.0	33317
Sturkey	FL	0.0	33597
South Daytona	FL	0.0	32119
Lafayette	FL	0.0	32311
Goodland	FL	0.0	34140
Virginia Gardens	FL	2229.0	33166
Edgeville	FL	0.0	34251
Odena	FL	0.0	32456
Phifer	FL	0.0	32640
Winding Cypress	FL	504.0	34114
Millwood	FL	0.0	32686
Twentymile Bend	FL	0.0	33470
Zuber	FL	0.0	34475
Spring Ridge	FL	229.0	32643
Miccosukee	FL	0.0	32309
Whites Ford	FL	0.0	32092
Selman	FL	0.0	32424
Rio Pinar	FL	0.0	32825
Galt City	FL	0.0	32583
Howard	FL	0.0	33176
Ives Estates	FL	25689.0	33179
Homeland	FL	288.0	33847
East Bronson	FL	1593.0	32621 32618
Royal	FL	0.0	34785
Seminole Shores	FL	0.0	34996
Seffner	FL	26711.0	33583 33584
Harbor View	FL	0.0	33980
Beulah	FL	0.0	32526
Stern	FL	0.0	32331
Danville	FL	0.0	32054
Port Inglis	FL	0.0	34498
New River	FL	0.0	32622
Trail Center	FL	0.0	34141
Tarpon Point	FL	0.0	34293
Sylvania	FL	0.0	32462
South Ponte Vedra Beach	FL	0.0	32082
Golfview	FL	0.0	33415
Avalon	FL	0.0	32583
Cedar Hammock	FL	0.0	34205
River Forest	FL	0.0	32720
Cape Coral	FL	0.0	33991 33993 33910 33909 33904 33915 33990 33914
Plantation Island	FL	0.0	34139
Wilma	FL	0.0	32321
Military Park	FL	0.0	33417
Youngstown	FL	0.0	32466
Mineral Springs	FL	0.0	32565
Wetumpka	FL	0.0	32351
Cubitis	FL	0.0	34266
Englewood	FL	0.0	34224 34295
Palm Beach	FL	0.0	33480
Parker	FL	4273.0	32404
O'Neil	FL	0.0	32034
Yankeetown	FL	614.0	34498
Roan	FL	0.0	34711
Wimauma	FL	0.0	33598
Olympia Heights	FL	0.0	33165 33155
Pelican Lake	FL	0.0	33476
Fort Gadsden	FL	0.0	32328
Wynnehaven Beach	FL	0.0	32569
Palm Springs	FL	0.0	33461 33406
Wekiva	FL	0.0	32776
Chumuckla Springs	FL	0.0	32565
Manning	FL	0.0	32063
Westview	FL	0.0	33167
Ponte Vedra Beach	FL	0.0	32004 32082
Fernandina Beach	FL	0.0	32035 32034
Eddy	FL	0.0	32087
New Harmony	FL	0.0	32433
Miami Shores	FL	0.0	33141 33138 33153
Sopchoppy	FL	434.0	32358
Beverley Terrace	FL	0.0	34234
Wolfolk	FL	0.0	33841
Coral Gardens	FL	0.0	34997
Sandy Point	FL	0.0	32008
Beach Haven	FL	0.0	32507
Camp Ocala	FL	0.0	32702
Edison	FL	0.0	33547
Stanton	FL	0.0	32195
Amelia City	FL	0.0	32034
Chula Vista Isles	FL	0.0	33312
Mulat	FL	0.0	32583
Sun Swept Isles	FL	0.0	33009
Good Hope	FL	0.0	32531
Leonia	FL	0.0	32464
Tallahassee	FL	0.0	32309 32314 32307 32317 32301 32303 32308 32306 32399 32312 32316 32318 32313 32315 32305 32304 32310 32302 32311
Kenansville	FL	0.0	34739
Treasure Island	FL	6620.0	33706 33740
Bradenton Beach	FL	0.0	34217
Lockhart	FL	0.0	32703 32810 32860
Playland Isles	FL	0.0	33314
Holmes Valley	FL	0.0	32462
Dummit Grove	FL	0.0	32754
Coconut	FL	0.0	34134
Fordville	FL	0.0	34240
Coral Hills	FL	0.0	33308
Navy Point	FL	0.0	32507
Naranja	FL	0.0	33032
Everglades City	FL	0.0	34139
Floridana Beach	FL	0.0	32951
Medulla	FL	0.0	33811 33813 33807
Postil	FL	0.0	32542
Pittsburg	FL	0.0	33843
Kennedy Still	FL	0.0	32052
Country Club Isles	FL	0.0	33062
Cypress Lake Estates	FL	0.0	32724
South Clinton Heights	FL	0.0	33525
Fawn Ford	FL	0.0	32321
Jensen Beach	FL	0.0	34957
Rodman	FL	0.0	32177
Clearwater	FL	187234.0	33758 33764 33759 33763 33760 33756 33765 33766 33761 33757 33762 33769 33755
Orange Lake	FL	0.0	32681
Clara	FL	0.0	32680
Ochlockonee	FL	0.0	32304
Spray	FL	0.0	32331
Flamingo Village	FL	0.0	33311
South Palm Beach	FL	0.0	33480
Temple Terrace	FL	0.0	33617 33637 33687
Sun-Tan Village	FL	0.0	33010
Ensley	FL	22015.0	32534 32514
Indrio	FL	0.0	34946
West Dixie Bend	FL	0.0	33073
Cypress	FL	0.0	32432
Vereen	FL	0.0	32327
Fort McCoy	FL	0.0	32134
Gaberonne	FL	0.0	32504
Bardmoor	FL	0.0	33777
Bakersville	FL	0.0	32092
Gilchrist	FL	0.0	33955
Lawtey	FL	0.0	32058
Bokeelia	FL	0.0	33922
Hugh	FL	0.0	32234
Opa Locka	FL	0.0	33054 33055
Pasadena Shores	FL	0.0	33525
Matlacha Isles-Matlacha Shores	FL	0.0	33993 33991
Liberty Point	FL	0.0	33471
Nixon	FL	0.0	32404
Hardin Heights	FL	0.0	32324
Roy	FL	0.0	32110
Steinhatchee	FL	0.0	32359
Oak Grove	FL	0.0	32324
Blue Springs Landing	FL	0.0	32763
Alton	FL	0.0	32066
Snow Hill	FL	0.0	32732
Panacoochee Retreats	FL	0.0	33538
Daytona Beach	FL	0.0	32116 32120 32121 32122 32125 32118 32115 32119 32126 32114 32198 32117 32124
Key Biscayne	FL	14611.0	33149
Robinson Heights	FL	0.0	32641
North River Shores	FL	0.0	34994
Town Park Estates	FL	0.0	33165
Kingsland	FL	0.0	33445
Kenneth City	FL	0.0	33709
Daytona Park Estates	FL	0.0	32724
Holly Hill	FL	0.0	32117 32125
Palm Coast	FL	0.0	32143 32135 32142 32164 32137
Rawls	FL	0.0	32052
Grahamsville	FL	0.0	34488
Bayhead	FL	0.0	32466
Johnson Crossroad	FL	0.0	32425
Sylvan Shores	FL	0.0	33852
Saint Marks	FL	298.0	32355
Chain O'Lakes	FL	0.0	32767
Quintette	FL	0.0	32533
Garnier	FL	0.0	32547
Holder	FL	0.0	34445
Lessie	FL	0.0	32046
Crawfordville	FL	29946.0	32326 32327
Sills	FL	0.0	32446
Harbor Heights	FL	0.0	33316
Barth	FL	0.0	32577
Del Rio	FL	0.0	33610
Eloise	FL	0.0	33880
Key Colony Beach	FL	0.0	33051
Ratliff	FL	0.0	32011
Arredondo	FL	0.0	32608
Elwood	FL	0.0	32092
Pond Creek	FL	0.0	32539
Haverhill	FL	0.0	33415 33417
Quail Ridge	FL	2767.0	34610
East Williston	FL	0.0	32696
Inlikita	FL	0.0	33187
South Pasadena	FL	0.0	33707
High Bluff	FL	0.0	32328
Beverly Beach	FL	516.0	32136
Eagle Lake	FL	0.0	33839
Sewall's Point	FL	1984.0	34996 34958
Blue Lakes Ridge	FL	0.0	32767
Monteocha	FL	0.0	32609
Hawley Heights	FL	0.0	33176
Half Moon	FL	0.0	32669
Kinard	FL	0.0	32449
Royal Palm Hammock	FL	0.0	34114
Shady	FL	0.0	34476
Viking	FL	0.0	34946
Ehren	FL	0.0	34637
Durant	FL	0.0	33530
Facil	FL	0.0	32096
Haynes	FL	0.0	32460
Rock Island Village	FL	0.0	33311
Lanark Village	FL	0.0	32323
Denver	FL	0.0	32112
Festus	FL	0.0	32344
Ocala	FL	0.0	34475 34479 34477 34481 34483 34478 34471 34473 34474 34480 34482 34472 34470 34476
Southwest Ranches	FL	0.0	33331 33330 33332
Slade	FL	0.0	32064
Morgantown	FL	0.0	33982
Monkey Box	FL	0.0	34974
Roux Quarters	FL	0.0	33830
Minneola	FL	13709.0	34755
Eatonville	FL	2486.0	32751 32810
County Club Acres	FL	0.0	33484
Bonnie	FL	0.0	33860
Astor Park	FL	0.0	32102
Villas	FL	0.0	33912 33907
Conway	FL	0.0	32806 32812
Lloyd	FL	0.0	32337
Cedar Grove	FL	0.0	32401 32405
Bayonet Point	FL	0.0	34667 34668
Moffitt	FL	0.0	33890
Mangonia Park	FL	0.0	33407
Fedhaven	FL	0.0	33854
Bagdad	FL	92.0	32530
Bruce	FL	0.0	32455
Indian River Shores	FL	4217.0	32963
Lakeland	FL	228.0	33805 33806 33815 33809 33812 33810 33811 33802 33804 33807 33803 33801 33813
Smith Creek	FL	0.0	32358
Harbour Heights	FL	0.0	33983
Venetia Terrace	FL	0.0	32244
Putnam Hall	FL	0.0	32185
Blocker	FL	0.0	32312
De Soto City	FL	0.0	33876
Whitfield	FL	0.0	34243
Sanders Park	FL	0.0	33060
Parramore	FL	0.0	32460
Trailer Estates	FL	0.0	34207
Bay Point	FL	0.0	33040
Lock Arbor	FL	0.0	32771
Apopka	FL	0.0	32712 32703 32704
Dinner Island	FL	0.0	32110
Saint George Island	FL	0.0	32328
Louise	FL	0.0	32609
Indian Lake Estates	FL	0.0	33855
South Allapattah	FL	0.0	33032
Flagami	FL	0.0	33144
Orange Bend	FL	0.0	34788
Dell	FL	0.0	32066
Fort Mason	FL	0.0	32726
Howey Height	FL	0.0	34715
Santa Fe	FL	0.0	32615
Bay Lake	FL	37.0	32830
Punta Rassa	FL	1555.0	33908
Belleair Bluffs	FL	2436.0	33770
Hillcoat	FL	0.0	32052
Bartow	FL	0.0	33831 33830
Navarre Beach	FL	0.0	32566
Myakka City	FL	7659.0	34251
LaBuena	FL	0.0	32063
Dogtown	FL	0.0	32352
Lake Mystic	FL	0.0	32321
Pine Level	FL	0.0	32565
Christmas	FL	0.0	32709
Childs	FL	0.0	33960
Brooksville	FL	0.0	34613 34605 34614 34603 34602 34601 34604
Pittman	FL	0.0	32702
Cocoa	FL	66919.0	32926 32924 32922 32927 32923
Country Walk	FL	0.0	33196 33186
Mott	FL	0.0	33440
Croom	FL	0.0	34602
Honeyville	FL	0.0	32465
Jay	FL	0.0	32565
Treasure Hill Park	FL	0.0	32507
Seneca	FL	0.0	32736
Perdido Key	FL	0.0	32507
Seville	FL	0.0	32190
Torrey	FL	0.0	33834
South Brooksville	FL	4488.0	34604 34601 34605
Camps	FL	0.0	34601
Crooked Lake Park	FL	0.0	33859
Sherman	FL	0.0	34974
Jacksonville	FL	922467.0	32206 32217 32277 32229 32236 32254 32218 32212 32221 32244 32239 32231 32245 32258 32257 32207 32203 32238 32255 32227 32205 32202 32225 32256 32210 32099 32216 32201 32226 32224 32214 32241 32211 32204 32246 32209 32247 32208 32232 32223 32234 32220 32219 32235 32228 32222
Panacea Park	FL	0.0	32346
Honore	FL	0.0	34251
Oriole Beach	FL	0.0	32563
Burnetts Lake	FL	0.0	32615
Ward	FL	0.0	32310
Lecanto	FL	0.0	34461 34460
Chaires	FL	0.0	32317
Babson Park	FL	0.0	33827
Mabel	FL	0.0	33514
Stacey Street	FL	928.0	33417
Camp Echockotee	FL	0.0	32073
Noma	FL	391.0	32452
Pennichaw	FL	0.0	32764
Hunters Creek	FL	0.0	32837
Lee Cypress	FL	0.0	34137
Cummings	FL	0.0	32958
Spuds	FL	0.0	32033
Cottage Hill	FL	0.0	32533
Hucomer	FL	0.0	32141
Conrock	FL	0.0	34601
Gulf City	FL	0.0	33570
Pinland	FL	0.0	32348
Briny Breezes	FL	618.0	33435
Weeki Wachee	FL	0.0	34606
Montura	FL	0.0	33440
Deerland	FL	0.0	32539
Bayshore Manor	FL	0.0	33917
North Miami Beach	FL	0.0	33160
Middle River Manor	FL	0.0	33305
Crescent City Station	FL	0.0	32112
Gateway	FL	0.0	33913
Vilas	FL	0.0	32334
Overstreet	FL	0.0	32465
Dupree Gardens	FL	0.0	34639
Floridatown	FL	0.0	32571
Bon Terra	FL	0.0	32137
Citronelle	FL	0.0	34433
Hastings	FL	5539.0	32145
Eggleston Heights	FL	0.0	32211
Crows Bluff	FL	0.0	32720
Grayvik	FL	0.0	33037
Starke	FL	0.0	32091
Bay City	FL	0.0	32320
Cabana Colony	FL	2448.0	33410 33420
Penney Farms	FL	0.0	32079
Lucerne Park	FL	0.0	33881
Fullerville	FL	0.0	32720
Eastlake Weir	FL	0.0	32133
Olive	FL	0.0	32514
Graham	FL	0.0	32042
Peace River Shores	FL	0.0	33982
Homestead Ridge	FL	0.0	32309
Perrine	FL	0.0	33157
New Eden	FL	0.0	34771
River Ranch	FL	0.0	33867
Jena	FL	0.0	32359
Palma Sola Park	FL	0.0	34209
Ocala Ridge	FL	0.0	34482
Jasper	FL	0.0	32052
Nokomis Beach	FL	0.0	34275
Sanders Beach	FL	0.0	32502
Andover Golf Estates	FL	0.0	33169
Royster	FL	0.0	33860
Ferndale	FL	0.0	34729
Lochmoor Waterway Estates	FL	0.0	33903
Miller Bend	FL	0.0	32455
Long Branch	FL	0.0	32096
High Springs	FL	0.0	32643 32655
Buckhead Ridge	FL	0.0	34974
Key Largo Park	FL	0.0	33037
Bimini	FL	0.0	32110
Lake Mack-Forest Hills	FL	2252.0	32720
Hamburg	FL	0.0	32340
Hillsboro Pines	FL	0.0	33073
Bethel	FL	0.0	32327
Longwood	FL	0.0	32791 32752 32779 32750
Maysland	FL	0.0	32331
Orange Blossom	FL	0.0	34737
Watson	FL	0.0	33440
Bloxham	FL	0.0	32310
Bonita Shores	FL	0.0	34134
Cobbtown	FL	0.0	32565
Harlem	FL	0.0	33440
Fanning Springs	FL	1044.0	32693
Midway	FL	19617.0	32771
Alva	FL	2856.0	33920
Miles City	FL	0.0	34141
Gillette	FL	0.0	34221
Cairo	FL	0.0	32404
Liberty	FL	0.0	32433
Gritney	FL	0.0	32425
Gandy	FL	0.0	33702
Westwood Lakes	FL	0.0	33165
Brickell Hammock	FL	0.0	33129
Bryceville	FL	0.0	32009
Palm Shores	FL	0.0	32935 32940
Halifax Estates	FL	0.0	32118
Telogia	FL	50.0	32360
Marianna	FL	18685.0	32446 32448 32447
Royal Poinciana Park	FL	0.0	32962
Macclenny	FL	0.0	32063
Palm Springs North	FL	0.0	33015
Malabar	FL	0.0	32950
Wahneta	FL	0.0	33880
South Miami Heights	FL	0.0	33177 33157
Broadview Park	FL	0.0	33317
Intercession City	FL	0.0	33848
Trenton	FL	0.0	32693
Sellersville	FL	0.0	32565
Coral Springs	FL	0.0	33065 33071 33075
Crown Point	FL	0.0	34787
Mango Hills	FL	0.0	33584
Dixonville	FL	36.0	32565
Flemington	FL	0.0	32686
Chassahowitzka	FL	0.0	34448
White City	FL	0.0	34981 34982
North Bay Village	FL	0.0	33141
Driftwood Acres	FL	0.0	33024
Mercer	FL	0.0	32060
Arundel	FL	0.0	34997
Hallandale Beach	FL	0.0	33009 33008
Suwannee	FL	40.0	32692
Redington Shores	FL	0.0	33708 33730
Lakewood Park	FL	0.0	34946 34951
Hilolo	FL	0.0	34972
Eustis	FL	0.0	32726 32727 32736
Highland View	FL	0.0	32456
Hall City	FL	0.0	33471
Rocky Creek	FL	0.0	33615
Hoover Mill	FL	0.0	32425
Conrad	FL	0.0	32130
Orangedale	FL	0.0	33809
Laurel	FL	0.0	34272
Fort Centre	FL	0.0	33471
Egypt Lake-Leto	FL	36157.0	33614
Pasco	FL	0.0	33576
Lake Geneva	FL	0.0	32160
Clearwater Beach	FL	0.0	33767
Springville	FL	0.0	32055
Harper	FL	0.0	32566
Moore Haven	FL	0.0	33471
Rubonia	FL	0.0	34221
Hildreth	FL	0.0	32008
Kings Ferry	FL	0.0	32046
Canaan	FL	0.0	32771
Sink Creek	FL	0.0	32448
Galloway	FL	0.0	33810
Shorewood	FL	0.0	33441
Century	FL	0.0	32535
Basinger	FL	0.0	34972
West Bradenton	FL	0.0	34209
Citrus Park	FL	27440.0	33625 33556
Bonita Springs	FL	0.0	34136 34134 34135 34133
Pine Island	FL	139.0	34607
Ocklawaha	FL	0.0	32179 32183
Gordon	FL	0.0	32433
Jupiter Inlet Colony	FL	0.0	33469
Fort Pierce North	FL	0.0	34947 34946
De Leon Springs	FL	0.0	32130
Lake Clarke Shores	FL	0.0	33406
Kathleen	FL	6146.0	33849
Mount Dora	FL	0.0	32757 32756
Rutledge	FL	0.0	32606
Alma	FL	0.0	32344
Charleston Park	FL	0.0	33920
Wulfert	FL	0.0	33957
Fort Drum	FL	0.0	34972
Sarasota	FL	0.0	34232 34237 34241 34277 34236 34240 34238 34242 34249 34276 34230 34233 34239 34234 34231 34235
Eureka	FL	0.0	32134
Cape Canaveral	FL	0.0	32920
Biltmore Beach	FL	0.0	32408
Pirate Harbor	FL	0.0	33955
Silver Springs	FL	11878.0	34489 34488
Lake Jackson	FL	0.0	32303
Saint Johns	FL	62354.0	32259
Homosassa	FL	0.0	34448 34446 34487
Fruitland	FL	0.0	32112
Waldo	FL	0.0	32694
Allentown	FL	917.0	32570 32565
Kendrick	FL	0.0	34475
Fruitville	FL	0.0	34232 34240
Florida Hills	FL	0.0	32736
Allanton	FL	0.0	32404
Palma Sola	FL	0.0	34209
Broward Gardens	FL	0.0	33314
Plantation Key	FL	0.0	33070
Theressa	FL	0.0	32091
Central City	FL	0.0	32321
Platt	FL	0.0	34269
Lealman	FL	21213.0	33702 33709 33714 33784
Leesburg	FL	0.0	34749 34788 34748 34789
Keysville	FL	0.0	33547
Orange Home	FL	0.0	34785
High Point	FL	3845.0	34613
Munson	FL	262.0	32570
Andalusia	FL	0.0	32110
Pine Island Center	FL	1973.0	33922
Mason	FL	0.0	32025
Bear Hollow	FL	0.0	33852
Sugarloaf Shores	FL	0.0	33042
Port Salerno	FL	0.0	34992
Mulberry	FL	0.0	33860
Green-Mar Acres	FL	0.0	33176
Shannon Wood	FL	0.0	32607
Fisher Island	FL	0.0	33109
Silver Beach Heights	FL	0.0	32784
Cadillac	FL	0.0	32615
Rock Harbor	FL	0.0	33037
Mayo	FL	0.0	32066
Bethany	FL	0.0	34251
Paradise Park	FL	0.0	34946
Eagle Island	FL	0.0	34972
Wabasso Beach	FL	0.0	32963
Sawgrass	FL	0.0	32082
Lorraine	FL	0.0	34211
Bal Harbour	FL	3037.0	33154
Wadesboro	FL	0.0	32317
Ozello	FL	0.0	34429
Fort Meade	FL	0.0	33841
Ballentine Manor	FL	0.0	34243
South Patrick	FL	0.0	32937
Olustee	FL	0.0	32087
Sycamore	FL	0.0	32351
Bayport	FL	0.0	34607
Arran	FL	0.0	32327
Angel City	FL	0.0	32952
Lakewood Ranch	FL	0.0	34202 34212 34211 34240
Hopewell	FL	0.0	32340
Rambo	FL	0.0	32426
Gulf Stream	FL	0.0	33483
Lake Jem	FL	0.0	32757
Clay Island	FL	0.0	34705
Gretna	FL	0.0	32332
Stock Island	FL	0.0	33040
Piney Point	FL	0.0	34221
Liberty Triangle	FL	0.0	34481 34476
Eridu	FL	0.0	32331
Saint Johns River Estates	FL	0.0	32771
McPherson	FL	0.0	32063
Rainbow Lakes	FL	0.0	33472
West Samoset	FL	0.0	34208 34203
Lakemont	FL	0.0	33825
Bradley	FL	64.0	33835
Buckville	FL	0.0	32066
High Ridge Estates	FL	0.0	33060
Two Egg	FL	0.0	32443
Ocean City	FL	0.0	32547
Ebro	FL	0.0	32437
Sans Souci	FL	0.0	33982
Garden Isles	FL	0.0	33060
Beverley Beach	FL	0.0	33019
Arrant Settlement	FL	0.0	32464
Chantilly Acres	FL	0.0	32653
Rockledge	FL	0.0	32955 32956
Atlantic Beach	FL	0.0	32233
Lumberton	FL	0.0	33540
Pine Top	FL	0.0	32040
Palm Valley Landing	FL	0.0	32082
Beacon Square	FL	0.0	34691 34652
Rockwell	FL	0.0	32952
Lake Mary	FL	0.0	32746 32795
North DeLand	FL	0.0	32724
Perry	FL	0.0	32347 32348
Glenwood	FL	0.0	32097
Gopher Ridge	FL	0.0	32145
Lake Worth Beach	FL	0.0	33460
Laguna Beach	FL	0.0	32413
Coker	FL	0.0	33873
Gulfport	FL	0.0	33707
Hampton	FL	0.0	32044
Saint Augustine South	FL	0.0	32086
Kossuthville	FL	0.0	33823
Rio	FL	0.0	34957
Malone	FL	0.0	32445
Poplar Head	FL	0.0	32425
Freemont	FL	0.0	32333
Spring Hill	FL	16566.0	34610
Boca Del Mar	FL	0.0	33433
Lake Hamilton	FL	0.0	33851
Seagrove Beach	FL	0.0	32459
Bamboo	FL	0.0	34785
Indian River Estates	FL	0.0	34982 34952
Hudson	FL	0.0	34669 34667 34674
Eglin Village	FL	0.0	32542
Hicoria	FL	0.0	33960
Bethune Beach	FL	0.0	32169
Old Miakka	FL	0.0	34240
Paradise Beach	FL	0.0	32506
Casa Blanco	FL	0.0	32344
Crescent City	FL	7501.0	32112
Coral Way Village	FL	0.0	33155
Garden Grove	FL	0.0	34604
Vero Beach South	FL	174748.0	32962 32966 32960 32968
Alpine	FL	0.0	33825
Eden	FL	0.0	34957
San Carlos Park	FL	18590.0	33967
Basswood Estates	FL	0.0	34972
Cypress Quarters	FL	0.0	34972 34974
Durbin	FL	0.0	32081
Oak Knoll	FL	0.0	34251
Marion	FL	0.0	32052
Cutler Bay	FL	0.0	33190 33157 33189
Largo	FL	106792.0	33770 33779 33773 33774 33771 33778
Iola	FL	0.0	32465
Copeland Settlement	FL	0.0	32609
Fellowship	FL	0.0	34482
Monticello	FL	0.0	32345 32344
Thonotosassa	FL	11771.0	33592
Black Point	FL	0.0	32110
Avoca	FL	0.0	32052
Lacota	FL	0.0	34488
Moss Town	FL	0.0	33523
Gandyville	FL	0.0	32535
Crossley	FL	0.0	32640
Green Cove Springs	FL	0.0	32043
Port Richey	FL	0.0	34673 34668
Lemon Bluff	FL	0.0	32764
Richter Crossroads	FL	0.0	32431
Nobleton	FL	0.0	34661
Satsuma	FL	0.0	32189
Nurmi Isles	FL	0.0	33301
Sunniland	FL	0.0	34142
Key Vista	FL	0.0	34691
Ormond-by-the-Sea	FL	6414.0	32176
Drifton	FL	0.0	32344
Venice	FL	0.0	34284 34292 34285 34293
Shell Point Village	FL	0.0	33908
Williams Point	FL	0.0	32927
Delray Gardens	FL	0.0	33445
North Port	FL	0.0	34287 34290 34286 34291 34289 34288
Audubon	FL	0.0	32953
Harker	FL	0.0	34142
Wakulla Beach	FL	0.0	32327
Rolling Hills	FL	0.0	33860
Altoona	FL	0.0	32702
Eldora	FL	0.0	32169
Bean City	FL	0.0	33440
Dalhousie Acres	FL	0.0	32736
Eucheeanna	FL	0.0	32455
Long Key	FL	4596.0	33001
Lutterloh	FL	0.0	32305
Key Largo	FL	0.0	33037
Berrydale	FL	0.0	32570 32565
Howey In The Hills	FL	0.0	34737
Kissimmee	FL	0.0	34742 34741 34746 34745 34744 34743 34758 34747
Jasmine Estates	FL	23334.0	34668
Grand Ridge	FL	0.0	32442
Lynchburg	FL	0.0	33850
Saint Johns Park	FL	0.0	32110
Geigers Landing	FL	0.0	32732
Ninemile Bend	FL	0.0	33430
Senyah	FL	0.0	32190
Grandview	FL	0.0	32131
Arcadia	FL	0.0	34269 34266 34265
White Beach	FL	0.0	34242
Palm Bay	FL	0.0	32907 32910 32906 32908 32905 32909 32911
Brownsville	FL	0.0	33142 33188
Boca Pointe	FL	0.0	33433
Weirsdale	FL	1547.0	32195
Alamana	FL	0.0	32168
Fort Kissimmee	FL	0.0	34972
Dupont	FL	0.0	32110
Saint Nicholas	FL	0.0	32207
College Park	FL	0.0	32084
Lily	FL	0.0	33865
Runnymede	FL	0.0	34771
Samsula-Spruce Creek	FL	5202.0	32128 32168
Ridge Wood Heights	FL	0.0	34231
Bay Heights	FL	0.0	33145
Hardaway	FL	0.0	32324
Bluff Springs	FL	0.0	32535
Hurlburt Field	FL	0.0	32544
Daytona Highridge Estates	FL	0.0	32124
Coconut Creek	FL	0.0	33097
North Ruskin	FL	0.0	33572
Tommytown	FL	0.0	33523
Graceville	FL	0.0	32440
Bailey	FL	0.0	32331
Andytown	FL	0.0	33327
Boca Raton	FL	0.0	33432 33431 33486 33488 33496 33498 33434 33427 33487 33428 33499 33481 33429 33497 33464 33433
Sydney	FL	0.0	33587
Montclair	FL	0.0	34748
Creighton	FL	0.0	32141
Mount Enon	FL	0.0	33565
Felda	FL	0.0	33930
Miami	FL	0.0	33188 33183 33111 33152 33155 33175 33128 33143 33189 33199 33234 33283 33168 33196 33181 33192 33187 33158 33136 33138 33147 33112 33256 33245 33186 33170 33146 33206 33269 33176 33167 33265 33177 33133 33185 33126 33165 33280 33243 33238 33142 33164 33132 33131 33247 33174 33151 33242 33231 33162 33184 33172 33157 33116 33129 33197 33135 33102 33296 33150 33137 33145 33130 33178 33163 33134 33122 33166 33266 33193 33179 33191 33190 33299 33127 33222 33124 33233 33106 33261 33182 33198 33255 33169 33125 33101 33194 33195 33173 33161 33257 33144 33153 33180 33156
Nassau Village-Ratliff	FL	0.0	32011
Sugarmill Woods	FL	0.0	34461 34446
Baird	FL	0.0	33860
Florida City	FL	0.0	33034 33035
Anna Maria	FL	0.0	34216
Harbor Oaks	FL	0.0	32127
Saint Teresa	FL	0.0	32358
Estero	FL	0.0	33929 33928
Miami Gardens	FL	37579.0	33056
Maitland	FL	0.0	32751 32794
Fairlawn	FL	0.0	33441
Fiftone	FL	0.0	32234
DeLand Southwest	FL	1229.0	32720
Ivan	FL	0.0	32327
Estiffanulga	FL	0.0	32321
Longboat Key	FL	0.0	34228
Cannon Town	FL	0.0	32531
Tangerine	FL	0.0	32777
Eastwood	FL	0.0	33881
Bass	FL	0.0	32024
Port Saint John	FL	0.0	32927
Pine Bluff	FL	0.0	32583
Palm Valley	FL	0.0	32082
Port LaBelle	FL	5487.0	33935
Golf Estates	FL	0.0	33311
Favoretta	FL	0.0	32110
Melbourne	FL	0.0	32934 32940 32919 32904 32912 32935 32941 32901 32936 32902
Wausau	FL	0.0	32463
Fairlane Estates	FL	0.0	32773
Seminole Hills	FL	0.0	32437
Gulf Harbors	FL	0.0	34652
East Lake	FL	32714.0	34677 34685 34688
Darsey	FL	0.0	32333
Westville	FL	0.0	32464
Kingsley Village	FL	0.0	32091
Canal Point	FL	0.0	33438
Ellzey	FL	0.0	32683
West Scenic Park	FL	0.0	33859
Francis	FL	0.0	32177
Guilford	FL	0.0	32054
Geneva	FL	0.0	32732
Welcome	FL	0.0	33547
Windermere	FL	0.0	34786
Cinco Bayou	FL	0.0	32548
National Gardens	FL	0.0	32174
Suncoast Estates	FL	0.0	33917
Pine Log	FL	0.0	32437
Cox	FL	0.0	32421
Cassia	FL	0.0	32736
Fairbanks	FL	0.0	32609
Long Point	FL	0.0	32404
Highlands Park Estates	FL	0.0	33852
Greenwood	FL	0.0	32443
Lake Monroe	FL	0.0	32747
Northdale	FL	24924.0	33624 33548 33558
Brighton	FL	0.0	34974
Cana	FL	0.0	34987
Fountain Heights	FL	0.0	33813
Beetree Ford	FL	0.0	32668
Loyce	FL	0.0	34610
Collier Park	FL	0.0	33069
Safety Harbor	FL	0.0	34695
Romeo	FL	0.0	34432
Lowell	FL	0.0	32663
Greenacres	FL	0.0	33454
Port Saint Lucie	FL	0.0	34988 34983 34985 34986 34952 34984 34953 34987
Grant	FL	0.0	32949
North Naples	FL	0.0	34108
Tamiami	FL	0.0	33175 33182 33184 33265
Mount Carmel	FL	0.0	32565
Hatchbend	FL	0.0	32008
Laurel Hill	FL	0.0	32567
Hero	FL	0.0	32097
Bay Ridge	FL	0.0	32712
Heritage Pines	FL	1817.0	34667
Wilburn	FL	0.0	32055
Bellwood	FL	0.0	32780
Grady	FL	0.0	32008
Campbellton	FL	0.0	32426
Montverde	FL	0.0	34756
Sanlanta	FL	0.0	32771
Bereah	FL	0.0	33841
Black Hammock	FL	1250.0	32765
Whitehead Crossroads	FL	0.0	32427
South Venice	FL	16426.0	34293 34284
Perky	FL	0.0	33042
Fort Jefferson	FL	0.0	33040
Kent Mill	FL	0.0	32420
Gomez	FL	0.0	33455
Auburndale	FL	0.0	33823
Paola	FL	0.0	32771
Clay Sink	FL	0.0	33597
Clarksville	FL	0.0	32430
Griffin	FL	0.0	33810
Cross Bayou	FL	0.0	33782
Normandy Shores	FL	0.0	33141
Margate	FL	0.0	33093
Foxleigh	FL	0.0	34212
West Tocoi	FL	0.0	32043
Leland	FL	0.0	32350
Hog Valley	FL	0.0	32134
Osceola	FL	0.0	32732
Lynn Haven	FL	0.0	32444
Lake Pasadena Heights	FL	0.0	33525
Westchester	FL	0.0	33174 33144 33165 33155 33199
Marathon Shores	FL	0.0	33052
Pahokee	FL	0.0	33476
Cerrogordo	FL	0.0	32464
Lamont	FL	0.0	32336
Southgate	FL	0.0	34239
Dover	FL	144.0	33527
Cedar Creek	FL	0.0	34488
Huntington	FL	0.0	32112
Delray Beach	FL	120194.0	33446 33482 33445 33484 33448 33483 33444
Clark	FL	0.0	32643
Cloud Lake	FL	0.0	33406
Tangelo Park	FL	0.0	32819
Port Lonesome	FL	0.0	33525
Scottsmoor	FL	0.0	32775
Curlew	FL	0.0	34683
Orlando	FL	1055487.0	32867 32805 32826 32814 32833 32834 32839 32857 32891 32811 32830 32868 32859 32897 32837 32836 32819 32861 32820 32856 32827 32828 32885 32808 32829 32858 32835 32807 32878 32801 32812 32877 32862 32854 32832 32806 32853 32855 32817 32825 32822 32804 32887 32824 32818 32821 32831 32802 32810 32860 32869 32872 32809 32816 32803 32886
Cambon	FL	0.0	32220
Glidden Park	FL	0.0	34950
Chason	FL	0.0	32421
Youmans	FL	0.0	33566
San Castle	FL	0.0	33462
Keystone Heights	FL	0.0	32656
Santa Barbara Shores	FL	0.0	33062
Bostwick	FL	0.0	32007
Indian Rocks Beach	FL	0.0	33785
Islamorada	FL	0.0	33036
Deerfield Beach	FL	0.0	33442 33441 33443
Palm View	FL	0.0	34221
Peterson	FL	0.0	32066
Juniper	FL	0.0	32351
West Vero Corridor	FL	0.0	32966
Anthony	FL	0.0	32617
Coral Gables	FL	0.0	33114
The Cove	FL	0.0	33441
Broxson	FL	0.0	32583
Lovett	FL	0.0	32331
Orange Mountain	FL	0.0	34711
Kirkwood	FL	0.0	32667
DeBary	FL	0.0	32713 32753
Apalachicola	FL	0.0	32320 32329
Bealsville	FL	0.0	33567
Battle Ground Forks	FL	0.0	32455
Lokosee	FL	0.0	34972
Lake Mary Jane	FL	0.0	32832
Island Grove	FL	0.0	32654
Crestview	FL	55567.0	32539 32536
Wakulla	FL	0.0	32327
Cardwell	FL	0.0	33476
Belleair Beach	FL	0.0	33786
Wild Island	FL	0.0	33857
Cromanton	FL	0.0	32403
Muse	FL	0.0	33935
Warrington	FL	16140.0	32507 32521
Port Saint Joe	FL	0.0	32456 32457
Hialeah Gardens	FL	0.0	33016 33018
Green Point	FL	0.0	32328
Millview	FL	0.0	32506
Saint Lucie Village	FL	0.0	34946
Limona	FL	0.0	33510
Resota Beach	FL	0.0	32409
South Miami	FL	0.0	33143 33155 33243
Red Head	FL	0.0	32462
Shilow	FL	0.0	33563
Wacissa	FL	0.0	32361
Ybel	FL	0.0	33957
Brookridge	FL	4741.0	34613
Hollister	FL	0.0	32147
Fort Lauderdale	FL	0.0	33316 33324 33307 33334 33345 33309 33314 33315 33337 33339 33303 33308 33319 33320 33330 33351 33340 33348 33327 33329 33321 33331 33394 33306 33310 33355 33332 33322 33317 33325 33318 33301 33338 33305 33349 33326 33323 33328 33336 33312 33335 33304 33313 33311 33346 33302 33359
Quinavista	FL	0.0	32507
Coachman	FL	0.0	33765
Twin Pole	FL	0.0	32334
Fatio	FL	0.0	32720
Paradise	FL	0.0	32653
Athena	FL	0.0	32348
Wildwood	FL	0.0	34785
Baxter	FL	0.0	32087
Sunrise	FL	0.0	33322 33323 33326 33325 33351 33313 33307 33345
Brownville	FL	0.0	34266
West Canaveral Groves	FL	127.0	32926
Parker Island	FL	0.0	33852
Buckhorn	FL	0.0	32358
Lane Park	FL	0.0	32778
Esto	FL	0.0	32425
South Clermont	FL	0.0	34711
Adamsville	FL	0.0	33534
Whites Landing	FL	0.0	32765
Panama City Beach	FL	0.0	32407 32413
Iddo	FL	0.0	32331
Candler	FL	0.0	32111
De Leon Springs Heights	FL	0.0	32130
Suwannee Valley	FL	0.0	32055
Shiloh	FL	0.0	32754
Welaka	FL	0.0	32193
Bayshore Gardens	FL	19720.0	34207 34282
Palmdale	FL	0.0	33944
Jackson Bluff	FL	0.0	32310
Oak Park	FL	0.0	32358
Tee and Green Estates	FL	0.0	33982
Lake Hart	FL	0.0	32832
Ballard Pines	FL	0.0	32951
Kings Point	FL	0.0	33484
Chipley	FL	0.0	32428
Fort Denaud	FL	0.0	33935
Lake Forest Hills	FL	0.0	32208
Rock Creek	FL	0.0	32448
Barwal	FL	0.0	33441
Mission Bay	FL	0.0	33498
Osteen	FL	0.0	32764
East Tampa	FL	0.0	33578
Taylor	FL	0.0	32087
Captiva	FL	173.0	33924
Cantonment	FL	0.0	32533
Chumuckla	FL	782.0	32571 32565
Orange Blossom Hills	FL	0.0	34491
North Lauderdale	FL	0.0	33068
Harold	FL	892.0	32583 32564
Fountainebleau	FL	0.0	33172 33174 33126 33144
Mountain Lake Station	FL	0.0	33859
Isle of Palms South	FL	0.0	32250
Utopia	FL	0.0	34241
Rosemary Beach	FL	0.0	32461
Saint Augustine Shores	FL	9828.0	32086
Kingsley Beach	FL	0.0	32091
Baum	FL	0.0	32309
Pebbledale	FL	0.0	33830
Berkshire Lakes	FL	0.0	34104
Marathon	FL	0.0	33050
Golden Gate	FL	0.0	34116
Mount Homer	FL	0.0	32726
Tropic Isle	FL	0.0	33483
Woodville	FL	0.0	32362
West Perrine	FL	0.0	33157
Padlock	FL	0.0	32060
Lindgren	FL	0.0	33177
Wiscon	FL	788.0	34613 34601
The Villages	FL	0.0	32163 32162
Lakeland Highlands	FL	0.0	33813
Raleigh	FL	0.0	32696
Biscayne Park	FL	0.0	33161
Ebb	FL	0.0	32331
Vernon	FL	0.0	32462
Coral Ridge Isles	FL	0.0	33308
Franwood Pines	FL	0.0	33445
Medley	FL	0.0	33178 33166 33198
Ward Basin	FL	0.0	32583
Waddells Mill	FL	0.0	32446
Paisley	FL	0.0	32767
Bon Ami	FL	0.0	32321
Bushnell	FL	0.0	33513
Wakulla Gardens	FL	0.0	32327
Vanderbilt Beach	FL	0.0	34108
Bardin	FL	0.0	32177
Clewiston	FL	0.0	33440
Shell Bluff	FL	0.0	32110
Dona Vista	FL	0.0	32784
Vineyards	FL	0.0	34119
Bayview	FL	0.0	32405
Nubbin Ridge	FL	0.0	32531
Westgate Lake Manor	FL	0.0	33317
Ellenton	FL	0.0	34222
Pinewood	FL	0.0	33168 33147 33167 33150
Indiantown	FL	0.0	34956
Pinesville	FL	0.0	32618
Mossy Head	FL	0.0	32434
Fairvilla	FL	0.0	32804
West Lake Wales	FL	0.0	33859
Soroka Shores	FL	0.0	33305
Cocoa Beach	FL	0.0	32931 32932
Daytona Beach Shores	FL	0.0	32118
Wallace	FL	0.0	32571
Pretty Bayou	FL	2497.0	32405
Cleveland	FL	0.0	33982
Florida Gulf Coast University	FL	2530.0	33965
Melbourne Village	FL	0.0	32904
Wilbur-by-the-Sea	FL	0.0	32127
Tarpon Springs	FL	0.0	34688 34689
Alafaya	FL	92080.0	32825 32828 32829 32834 32878
Pine Air	FL	0.0	33406
Sears	FL	0.0	33935
Orange Springs	FL	0.0	32182
Bay Hill	FL	4877.0	32836 32819
Dupont Center	FL	0.0	32086
Daisy Lake	FL	0.0	32720
Weeki Wachee Gardens	FL	877.0	34607
Bradenton	FL	0.0	34203 34210 34202 34208 34281 34280 34205 34207 34282 34204 34212 34201 34209 34206 34211
Earleton	FL	0.0	32631
Mexico Beach	FL	0.0	32410
Collins Park Estates	FL	0.0	34982
Branchton	FL	0.0	33592
Plantation	FL	0.0	33388
Lauderdale-by-the-Sea	FL	0.0	33308 33062 33303
Ashton	FL	0.0	34771
Palma Ceia	FL	0.0	33629
Greenbriar	FL	0.0	33763 34698
Johnstown	FL	0.0	32054
Redington Beach	FL	1243.0	33708
Fleming Island	FL	0.0	32003 32006
Dixie Ranch Acres	FL	0.0	34972
Inverness Highlands North	FL	0.0	34453
Matoaka	FL	0.0	34243
Cluster Springs	FL	0.0	32433
Ellaville	FL	0.0	32426
Wahoo	FL	0.0	33513
Roeville	FL	0.0	32570
Istokpoga	FL	0.0	33876
Norfleet	FL	0.0	32310
Ridgecrest	FL	3296.0	33774 33778
Jupiter Island	FL	879.0	33455
Dania Beach	FL	0.0	33004 33312
Seabreeze	FL	0.0	32118
Gasparilla	FL	0.0	33921
Laird	FL	0.0	32413
Dunnellon	FL	0.0	34434 34433
Tavernier	FL	0.0	33070
Watergate	FL	0.0	33428
Casselberry	FL	0.0	32707 32718 32730
Bithlo	FL	0.0	32820 32833
Mannville	FL	0.0	32148
Boca Grande	FL	0.0	33921
North Brooksville	FL	0.0	34601
Alderene Park	FL	0.0	32771
Zephyrhills South	FL	5286.0	33542 33541
Kuhlman	FL	0.0	33876
Goldenrod	FL	0.0	32733
Gulf Gate Estates	FL	0.0	34231
Mound Grove	FL	0.0	32136
Withla	FL	0.0	33868
Shawnee	FL	0.0	33471
West DeLand	FL	3403.0	32720
Rochelle	FL	0.0	32641
O'Brien	FL	0.0	32071
North Fort Myers	FL	0.0	33917 33918 33903
Woodruff Springs	FL	0.0	32771
Everglades	FL	0.0	34139 34141
Fairfield	FL	18.0	32634
Chiefland	FL	0.0	32644 32626
Thomas City	FL	0.0	32344
Indianola	FL	0.0	32953
Royal Palm Isles	FL	0.0	33309
Crystal River	FL	0.0	34428 34429 34423
Hillcrest Heights	FL	343.0	33827 33843
Tocoi	FL	0.0	32092
Wimberly Estates	FL	0.0	32605
Picolata	FL	0.0	32092
Waverly	FL	0.0	33877
Lynne	FL	0.0	34488
Mascotte	FL	0.0	34753
Gardenville	FL	0.0	33534
On Top of the World Designated Place	FL	0.0	34432 34481
Saint Petersburg	FL	0.0	33733 33710 33708 33730 33742 33729 33711 33740 33738 33703 33712 33715 33714 33736 33702 33705 33784 33707 33713 33706 33734 33743 33704 33747 33731 33741 33732 33701 33716 33709
Nevins	FL	0.0	32962
Oak Ridge	FL	0.0	32809 32839
Miami Beach	FL	0.0	33154 33239 33119 33139 33109 33140 33141
Oak Terrace	FL	0.0	33860
Douglass Crossroads	FL	0.0	32435
Aladdin City	FL	0.0	33187
Collins Mill	FL	0.0	32440
Belmore	FL	0.0	32656
McIntosh	FL	0.0	32664
Forest Highlands	FL	0.0	32435
Marco Shores-Hammock Bay	FL	0.0	34114
North Meadowbrook Terrace	FL	0.0	32073
Biscayne Gardens	FL	0.0	33169
Lake Weir	FL	0.0	34491
Callahan	FL	0.0	32011
Lake Belvedere Estates	FL	0.0	33413
Araquey	FL	0.0	32095
Biggar	FL	0.0	33908
Blue Gulf Beach	FL	0.0	32459
Callaway	FL	0.0	32404
Paxton	FL	0.0	32538
The Meadows	FL	5330.0	34235
Bayou George	FL	0.0	32404
Brandon	FL	0.0	33508 33510 33511 33509
Curtis	FL	0.0	32619
Curtis Mill	FL	0.0	32358
Ocean Ridge	FL	1574.0	33435
Secotan	FL	0.0	32347
Venice Beach	FL	0.0	34285
Ramsey Beach	FL	0.0	32526
Lauderdale Lakes	FL	35898.0	33309 33313 33311 33319
Wade	FL	0.0	32643
Fussels Corner	FL	0.0	33801 33823
Beck Hammock	FL	0.0	32771
Cudjoe Key	FL	0.0	33042
Choctaw	FL	0.0	32459
Five Points	FL	0.0	32055
Groveland	FL	0.0	34736
Byrd	FL	0.0	32145
Bayshore	FL	0.0	33137
Micanopy	FL	0.0	32667
Lancaster	FL	0.0	32060
Pine Lakes	FL	0.0	32736
Centerville	FL	0.0	32309
Punta Gorda	FL	0.0	33951 33950 33980 33982 33955 33983
Fidelis	FL	0.0	32565
South Punta Gorda Heights	FL	0.0	33955
Connerton	FL	0.0	34637
Cottondale	FL	0.0	32431
Miller	FL	0.0	32054
Fairview Shores	FL	11782.0	32804 32789 32810
Argyle	FL	439.0	32422
Buchanan	FL	0.0	33890
Clayno	FL	0.0	32622
Seaglades	FL	0.0	32507
Palm Beach Shores	FL	1046.0	33404
Ferry Pass	FL	30526.0	32504 32514 32523
Lake View Point	FL	0.0	32351
Runyon	FL	0.0	33430
Brickyard	FL	0.0	32321
Rattlesnake	FL	0.0	33611
Galliver	FL	0.0	32564
Grove City	FL	0.0	34224
Marineland	FL	0.0	32080 32086 32137
Aventura	FL	0.0	33160 33180 33163
Pomona Park	FL	0.0	32181
Homosassa Springs	FL	0.0	34447
Indian Ford	FL	0.0	32570
Pearl Court	FL	0.0	32208
Grandin	FL	0.0	32138
Gulf Beach Heights	FL	0.0	32507
Punta Gorda Beach	FL	0.0	34223
Whispering Pines	FL	0.0	34972
Morriston	FL	0.0	32668
Telegraph Estates	FL	0.0	33920
Glenwood Heights	FL	0.0	33142
Peck	FL	0.0	32309
Mattox	FL	0.0	32234
Campville	FL	0.0	32640
Harbor Village	FL	0.0	33062
Hawthorne	FL	0.0	32640
Hainesworth	FL	0.0	32615
Milton	FL	0.0	32571 32572 32570 32583
Branchborough	FL	0.0	33849
Santos	FL	0.0	34480
Royal Palms Park	FL	0.0	33311
Lake Butler	FL	0.0	34786
Frostproof	FL	0.0	33843
Verona Walk	FL	2688.0	34114
Turnbull	FL	0.0	32754
Upper Grand Lagoon	FL	0.0	32401 32408 32407 32406 32411
Forest Hills	FL	0.0	34690
East Mandarin	FL	0.0	32223
Killarney	FL	0.0	34740
Yulee	FL	0.0	32041 32097
Wabasso	FL	0.0	32970
Clinton Heights	FL	0.0	33525
Meadow Woods	FL	39904.0	32824
Winter Park	FL	51929.0	32789 32790 32793
Hypoluxo	FL	2703.0	33462
Coleman	FL	0.0	33521
Gaskins Still	FL	0.0	32465
Bradley Junction	FL	0.0	33860 33835
Floral City	FL	0.0	34436
Heritage Bay	FL	966.0	34120
Belleview	FL	18060.0	34421 34420
Surfside	FL	0.0	33154
Brooker	FL	0.0	32622
Crystal Lake	FL	0.0	33801
Venice Groves	FL	0.0	34293
Bristol	FL	0.0	32321
Redbay	FL	0.0	32455
Carver Village	FL	0.0	33069
Crandall	FL	0.0	32097
Waukeenah	FL	110.0	32344
Rital	FL	0.0	34602
Socrum	FL	0.0	33810
Plantation Isles	FL	0.0	33317
Benton	FL	0.0	32096
Orchid	FL	0.0	32963
Mount Royal	FL	0.0	32112
Flamingo	FL	0.0	32824
Bradford	FL	0.0	32428
Terrytown	FL	0.0	33493
Kanapaha	FL	0.0	32608
Neals	FL	0.0	32693
South Cocoa Beach	FL	0.0	32931
Ocean Breeze	FL	292.0	34957
Kingsford	FL	0.0	33860
Shell Island	FL	0.0	32355
Terra Mana	FL	0.0	34221
Fort Union	FL	0.0	32060
Edgewood	FL	0.0	32806 32809 32839
World Golf Village	FL	0.0	32092 32095
Tavares	FL	0.0	32778
Myrtle Island	FL	0.0	32110
Aberdeen	FL	0.0	33472
Becker	FL	0.0	32097
Modello	FL	0.0	33033
Farmdale	FL	0.0	32403
Keene	FL	0.0	32011
Dunedin	FL	0.0	34697 34698
Mid Florida	FL	0.0	32745
Lewis	FL	0.0	32321
Beaver Creek	FL	0.0	32531
Mid Florida Lakes	FL	0.0	34788
Cliftonville	FL	0.0	32054
Yniestra	FL	0.0	32504
Polk City	FL	0.0	33868
Indian Creek Village	FL	0.0	33154
Venice East	FL	0.0	34293
Bridle Path Acres	FL	0.0	32312
Kendall West	FL	0.0	33193 33185
Duette	FL	0.0	34219
Titusville	FL	0.0	32781 32783 32796 32780
Gabriella	FL	0.0	32765
Shadow Lawn Estates	FL	0.0	32605
Gaskin	FL	0.0	32464
Cutlers	FL	0.0	34429
Garcon Point	FL	0.0	32583
Mary Esther	FL	0.0	32569
Pablo Keys	FL	0.0	32250
Beverly	FL	0.0	32328
Ozona	FL	0.0	34660
Tarpon	FL	0.0	33615
Winston	FL	0.0	33803
Jacksonville Beach	FL	0.0	32250 32240
Biscayne Village	FL	0.0	32218
Harbor Shores	FL	0.0	34788
Ocoee	FL	46585.0	34761
Manatee Road	FL	0.0	32626 32693
Lotus	FL	0.0	32952
Deering Bay	FL	0.0	33158
Hamptons at Boca Raton	FL	0.0	33434
Bethlehem	FL	0.0	32425
Lake Como	FL	0.0	32157
Indian Creek	FL	54.0	33154
New Hope	FL	0.0	32464
Alford	FL	2275.0	32420
Pine Grove	FL	0.0	34771
Fort Myers Villas	FL	0.0	33907
Gainesville	FL	0.0	32627 32641 32602 32604 32635 32609 32653 32610 32614 32608 32606 32605 32607 32611 32603 32612 32601
Hanson	FL	0.0	32340
Gardner	FL	331.0	33890
Summerland Key	FL	7054.0	33042
Elkton	FL	0.0	32033
Winter Haven	FL	0.0	33881 33880 33882 33885 33888 33883 33884
Palmona Park	FL	759.0	33903
Grand Island	FL	0.0	32735
Landrum	FL	0.0	34452
Sun City	FL	0.0	33586
Hays Place	FL	0.0	32328
June Park	FL	0.0	32904
Willow	FL	0.0	33598
Linden	FL	0.0	33597
Walsingham	FL	0.0	33778
Allenhurst	FL	0.0	32754
Ewell	FL	0.0	33860
River Park	FL	0.0	34983 34952
DeLand Highlands	FL	0.0	32724
Cooper City	FL	0.0	33024 33026 33330 33328
Johnson	FL	0.0	32640
Pecan	FL	0.0	32177
Juno Ridge	FL	1154.0	33408
Montivilla	FL	0.0	32344
Charlotte Park	FL	1913.0	33950
Sparr	FL	0.0	32192
Harp	FL	0.0	32583
Neptune Beach	FL	0.0	32266
Big Coppitt Key	FL	0.0	33040
Plymouth	FL	0.0	32768
Slones Ridge	FL	0.0	34736
Willow Oak	FL	0.0	33860 33811
Suwannee Springs	FL	0.0	32060
Harmony	FL	0.0	34773
The Crossings	FL	22382.0	33186
Valdez	FL	0.0	32713
Wall Springs	FL	0.0	34683
Grove Park	FL	0.0	32640
Nocatee	FL	19601.0	32095 32081
Berkeley	FL	0.0	34606
Heilbronn	FL	0.0	32091
Ankona	FL	0.0	34982
Hedges	FL	0.0	32097
Cabbage Grove	FL	0.0	32336
Longbeach	FL	0.0	34228
Lake Kerr	FL	0.0	32134
Peters	FL	0.0	33157
Branford	FL	0.0	32008
Pembroke	FL	0.0	33841
Caney Creek	FL	0.0	32433
Whisper Walk	FL	0.0	33496
Bells Mill	FL	0.0	32428
Castle Hill	FL	0.0	34711
Whitney	FL	0.0	34748
Destin	FL	0.0	32541 32540
Franjo	FL	0.0	33189
Sawdust	FL	0.0	32351
Black Diamond	FL	0.0	34461 34465
Port Leon	FL	0.0	32327
Cape Haze	FL	0.0	33946
Pembroke Park	FL	0.0	33021 33023 33009
Cypress Creek	FL	0.0	31631
Smith Crossroads	FL	0.0	32425
Sapp	FL	0.0	32040
Worthington Springs	FL	20.0	32697
Pleasant Ridge	FL	0.0	32435
Tierra Verde	FL	3847.0	33715
Mullet Lake Park	FL	0.0	32732
Paradise Heights	FL	614.0	32703
Nalcrest	FL	0.0	33856
Gulf Hammock	FL	0.0	32639
Grenelefe	FL	2941.0	33844
Vero Beach	FL	0.0	32961 32963 32966 32965 32967 32962 32968 32969 32960 32964
Elder Springs	FL	0.0	32773
Willis	FL	0.0	32421
Alturas	FL	0.0	33820
Aqui Esta	FL	0.0	33950
Glen Saint Mary	FL	0.0	32040
Naples Manor	FL	6384.0	34113
Dallas	FL	0.0	34491
Fort Basinger	FL	0.0	33857
Butler Beach	FL	0.0	32080
Oldsmar	FL	0.0	34677
Rich Bay	FL	0.0	32333
Ariel	FL	0.0	32759
Lincoln Park	FL	0.0	33513
Fincher	FL	0.0	32344
Svea	FL	0.0	32567
Kellys Mill	FL	0.0	32564
Lake of the Hills	FL	0.0	33898
Lorida	FL	7880.0	33857
Mount Olive	FL	0.0	34482
Parrish	FL	0.0	34219
Orange Grove Villas	FL	0.0	33541
Pompano Beach	FL	0.0	33064 33060 33069 33063 33073 33068 33076 33072 33074 33061 33077 33062 33066 33067
Halsema	FL	0.0	32220
Dundee	FL	0.0	33838
Dennet	FL	0.0	32331
Mount Carrie	FL	0.0	32055
Glen Ridge	FL	208.0	33406
Cow Creek	FL	0.0	32764
Villano Beach	FL	0.0	32084
Jay Jay	FL	0.0	32796
Goodbys	FL	0.0	32257
Delta	FL	0.0	33412
Astor Farms	FL	0.0	32771
Fish Hawk	FL	0.0	33547
Lakeshore	FL	0.0	33854
Richloam	FL	0.0	33597
Day	FL	0.0	32013
Long Hammock	FL	0.0	34484
South Sarasota	FL	4700.0	34231
Fruitland Park	FL	0.0	34731
West Hills	FL	0.0	32605
Victor	FL	0.0	34689
Dellwood	FL	0.0	32442
Ruskin	FL	0.0	33570 33575
Foley	FL	0.0	32348
Tyler	FL	0.0	32693
McLellan	FL	0.0	32570
Dickert	FL	0.0	32060
Pensacola Beach	FL	0.0	32561
West Jupiter	FL	0.0	33458
Rosemont	FL	0.0	32808
Belle Meade	FL	0.0	34114
Pineola	FL	0.0	34436
West Lealman	FL	0.0	33709
Ortona	FL	0.0	33471
Glendale	FL	0.0	32433
Ross Prairie	FL	0.0	34476
Sunnyland	FL	0.0	34233
Hesperides	FL	0.0	33898
Cosme	FL	0.0	33556
Blacks Still	FL	0.0	32052
Villages of Oriole	FL	0.0	33446
Spring Lake	FL	0.0	34601 34602
West Bay	FL	0.0	32413
Steele Church	FL	0.0	32435
Citrus Hills	FL	0.0	34453 34442
Altha	FL	0.0	32421
Greenfield	FL	0.0	32225
Adams	FL	0.0	32052
El Portal	FL	0.0	33138 33150
Belleair Shore	FL	0.0	33786
Harbor Beach	FL	0.0	33316
Miller Crossroads	FL	0.0	32425
Pinecraft	FL	0.0	34232 34237 34239
Ave Maria	FL	0.0	34142
Inwood	FL	7267.0	33881 33880
Hines	FL	0.0	32680
Pineland	FL	0.0	33945
Kennedy Hill	FL	0.0	33584
Rideout	FL	0.0	32068
Beresford	FL	0.0	32720
Neheb	FL	0.0	32765
Beacon Hills	FL	0.0	32225
Anclote	FL	0.0	34691
Lakeside	FL	0.0	32068 32065 32073 32030
Country Club	FL	0.0	33015 33017
Tenile	FL	0.0	32577
Patersonville	FL	0.0	32131
Woodmere	FL	0.0	34223
Scotts Ferry	FL	0.0	32424
Desoto Acres	FL	0.0	34234 34243
Four Mile Village	FL	0.0	32550
Shady Hills	FL	0.0	34610
Tancrede	FL	0.0	33811
Lake Garfield	FL	0.0	33830
Lake Magdalene	FL	31211.0	33618 33613 33612 33682 33694
Kings Bay	FL	0.0	33158
Verna	FL	0.0	34251
Bellair-Meadowbrook Terrace	FL	0.0	32073
Bay Springs	FL	0.0	32568
Bahoma	FL	0.0	32428
Wagner	FL	0.0	32708
Layton	FL	138.0	33001
Molino	FL	0.0	32577
Camps Still	FL	0.0	32052
Zolfo Springs	FL	1795.0	33890
Horseshoe Beach	FL	0.0	32648
Eugene	FL	0.0	32628
Carver Heights	FL	0.0	33441
Inverness	FL	0.0	34453 34452 34451 34450
Sunset	FL	14415.0	33173
Pirates Cove	FL	0.0	33042
Slavia	FL	0.0	32765
New Upsala	FL	0.0	32771
Courtenay	FL	0.0	32953
Siesta Key	FL	0.0	34242
Morse Shores	FL	0.0	33905
Cherry Lake	FL	0.0	32340
Palatka	FL	4520.0	32177 32178
Southchase	FL	0.0	32824 32837
Agricola	FL	0.0	33841
Imperial Point	FL	0.0	33308
Hollywood Beach	FL	0.0	32413
Capitola	FL	0.0	32317
Dyal	FL	0.0	32011
Cortez	FL	0.0	34215
Escambia Farms	FL	0.0	32531
Slater	FL	0.0	33917
Tomoka Estates	FL	0.0	32174
Loretto	FL	0.0	32258
Three Oaks	FL	0.0	33967
Enon	FL	0.0	32568
Coronet	FL	0.0	33566
Saint Peter	FL	0.0	32308
Sebastian	FL	28339.0	32958 32978
Steckert	FL	0.0	32063
Douglas City	FL	0.0	32351
McAlpin	FL	0.0	32062
McIntyre	FL	0.0	32358
Emporia	FL	0.0	32180
Sanibel	FL	0.0	33957
Hampton Beach	FL	0.0	32044
Navarre	FL	0.0	32566
Franklintown	FL	0.0	32034
Chancey	FL	0.0	32066
Cypress Lakes	FL	0.0	33417
Flagler Estates	FL	3577.0	32145
Otter Creek	FL	114.0	32683
Pierson	FL	0.0	32180
Naples Park	FL	0.0	34108
Vanderbilt Park	FL	0.0	33172
Sanford	FL	0.0	32772 32771 32773
Shiney Town	FL	0.0	34241
Sanlando Springs	FL	0.0	32701
Vitis	FL	0.0	33540
Norwalk	FL	0.0	32134
Center Hill	FL	0.0	33514
Pinewood Park	FL	0.0	33150
Meadowbrook Terrace	FL	0.0	32073
Pelican Bay	FL	0.0	34108
Mitchell Beach	FL	0.0	33708
Painters Hill	FL	0.0	32136
Gulf Resort Beach	FL	0.0	32413
Espanola	FL	0.0	32110
Flamingo Bay	FL	0.0	33956
Goulds	FL	0.0	33170
Holley	FL	0.0	32566
Fenholloway	FL	0.0	32348
Belleair	FL	4266.0	33756
Trilcoochee	FL	0.0	33523
Bruceville	FL	0.0	34488
Weston	FL	0.0	33326 33327 33331 33332
Greenville	FL	0.0	32331
Riverdale	FL	0.0	32092
Arlington	FL	0.0	34453
Orange City Hills	FL	0.0	32763
Lake Shipp Heights	FL	0.0	33880
Palm City	FL	0.0	34991 34990
Vaughn	FL	0.0	33440
Lehigh Acres	FL	0.0	33936
Dahlberg	FL	0.0	33430
Sweetwater	FL	0.0	33172 33174
Glenvar Heights	FL	0.0	33143 33155
Mart Law Seminole Village	FL	0.0	34141
Belair	FL	0.0	32305
Cooglers Beach	FL	0.0	34607
Sirmans	FL	0.0	32331
Newport	FL	0.0	33037
Barrineau Park	FL	0.0	32577
Saint Cloud	FL	0.0	34771 34772 34773 34769 34770
Ormond Beach	FL	0.0	32174 32176 32175 32173
Winter Beach	FL	0.0	32971
Parkerville	FL	0.0	32583
Neilson	FL	0.0	33843
Happy Valley	FL	0.0	32535
Hutchinson Island South	FL	4535.0	34957
Wagon Wheel	FL	0.0	34141
Genoa	FL	0.0	32052
Moreland Park	FL	0.0	34785
Bairs Den	FL	0.0	33852
Alachua	FL	15082.0	32615 32616
Samsula	FL	0.0	32168
Brock Crossroad	FL	0.0	32428
Capps	FL	0.0	32344
Saxton	FL	0.0	32058
Keela	FL	0.0	33440
Dunn Creek	FL	0.0	32218
Remlap	FL	0.0	33534
Olga	FL	0.0	33920 33905
Pace	FL	2045.0	32571
Patrick Afb	FL	0.0	32925
Keentown	FL	0.0	34219
Palmetto Bay	FL	0.0	33158 33157 33257
Wiley	FL	0.0	32754
Mitchell Lake Estates	FL	0.0	33054
Myrtis	FL	0.0	32025
Caleb	FL	0.0	32221
Pine Mount	FL	0.0	32060
Homestead	FL	0.0	33033 33031 33035 33039 33034 33032 33090 33092 33030
Navair	FL	0.0	32025
Reddick	FL	5232.0	32686
Key West	FL	0.0	33045 33040 33041
Hampton Springs	FL	0.0	32347
Ortega Terrace	FL	0.0	32210
South Port	FL	0.0	34759
Donner	FL	0.0	32233
Fort Pickens	FL	0.0	32561
Hibernia	FL	0.0	32003
Oviedo	FL	0.0	32762 32766 32765
Poinciana	FL	0.0	33896 34758 34759
Footman	FL	0.0	32952
Chester	FL	0.0	32097
Gulf Pine	FL	0.0	33556
Orange Heights	FL	0.0	32640
Winter Springs	FL	0.0	32719 32708
Placida	FL	0.0	33946
Saint Francis	FL	0.0	32720
Hasan	FL	0.0	32615
Citrus Springs	FL	10162.0	34433 34434 34445
Ellerslie	FL	0.0	33525
Indialantic	FL	0.0	32903
Dickerson City	FL	0.0	32583
Fort Green Springs	FL	491.0	33834
Kendall	FL	0.0	33173 33176 33156 33116 33256 33283 33296
Combee Settlement	FL	0.0	33801
Bridgeport	FL	0.0	32177
Old Grove	FL	0.0	34114
Tidewater	FL	0.0	34431
Fort Matanzas	FL	0.0	32080
Sanford Farms	FL	0.0	32771
Boyette	FL	0.0	33569
Nutall Rise	FL	0.0	32336
Florahome	FL	0.0	32140
Flowersville	FL	0.0	32567
Anglers Park	FL	0.0	33037
Baker	FL	0.0	32531
Lulu	FL	0.0	32061
University Park	FL	0.0	33165
Nine Mile	FL	0.0	32320
South Patrick Shores	FL	0.0	32937
Bertha	FL	0.0	32792
Benbow	FL	0.0	33471
Gifford	FL	0.0	32967
Traxler	FL	0.0	32615
Three Lakes	FL	0.0	33186
Martel	FL	0.0	34482
Golden Beach	FL	0.0	33160
Elfers	FL	0.0	34680
Pumpkin Center	FL	0.0	34797
Havana	FL	0.0	32333
Niceville	FL	0.0	32588 32578
West Little River	FL	0.0	33147 33150 33247
Eloise Woods	FL	0.0	33884
La Crosse	FL	0.0	32658
Federal Point	FL	0.0	32131
Orange Park	FL	0.0	32073 32067 32065
North Pompano Beach	FL	0.0	33064
Lutz	FL	0.0	33559 33548 33549 33558
Bear Creek	FL	0.0	33707
West Eau Gallie	FL	0.0	32935
Fort Ogden	FL	0.0	34267
Plum Orchard	FL	0.0	32327
Villa Tasso	FL	0.0	32578
Innisbrook	FL	0.0	34683
Lakeside Green	FL	0.0	33417
Hilliardville	FL	0.0	32327
Loxahatchee	FL	139.0	33470
Lake Panasoffkee	FL	0.0	33538
Turkey Foot	FL	0.0	34141
Crescent Beach	FL	908.0	32080
Manns Spur	FL	0.0	32087
Fort Pierce South	FL	0.0	34981 34982
Fort Myers	FL	0.0	33965 33912 33966 33905 33967 33908 33913 33907 33901 33911 33919 33906 33994 33902 33916
Rainbow Springs	FL	0.0	34432 34431
Springfield	FL	0.0	32401 32404 32405
Highland Lakes	FL	0.0	33825
Tiger Point	FL	0.0	32563
Buenaventura Lakes	FL	0.0	34743
Lower Grand Lagoon	FL	0.0	32408
Williston	FL	0.0	32696
Jamestown	FL	0.0	32765
Tacoma	FL	0.0	32667
Lake Helen	FL	0.0	32744
North Miami	FL	0.0	33168 33167 33160 33161 33181 33261
Lake Sarasota	FL	0.0	34241
Seminole	FL	0.0	33776 33772 33775 33777
Orient Park	FL	0.0	33619
Micco	FL	8618.0	32976
Sanborn	FL	0.0	32358
Lee	FL	0.0	32059
East Lake-Orient Park	FL	30002.0	33619 33617 33610 33637 33601 33680
Saint Pete Beach	FL	8963.0	33706 33736 33741
Bloomingdale	FL	25042.0	33596 33511
Ashville	FL	0.0	32331
Miramar Beach	FL	0.0	32550
Loxahatchee Groves	FL	0.0	33470
Bay Harbor	FL	0.0	33305
Berry	FL	0.0	33868
Indian Mound Village	FL	0.0	32771
Islandia	FL	0.0	33035
Beverly Hills	FL	18483.0	34465 34464
South Bay Estates	FL	0.0	33133
Suburban Heights	FL	0.0	32605
Ocala Estates	FL	0.0	34482
Zephyrhills North	FL	0.0	33542 33540
Kinsey	FL	0.0	33865
Duck Key	FL	0.0	33050
Chipola Terrace	FL	0.0	32446
Silver Lake	FL	2552.0	34788
Richmond Heights	FL	0.0	33176 33157
Riverside Acres	FL	0.0	32810
Altamonte Springs	FL	0.0	32716 32714 32715 32701
Ortega Farms	FL	0.0	32210
Hen Scratch	FL	0.0	33852
Tuscannoga	FL	0.0	34736
Hunter	FL	0.0	32147
Powell	FL	0.0	34601
Sand Cut	FL	0.0	33438
Sunny Isles Beach	FL	22234.0	33160
Little Harbor on the Hillsboro	FL	0.0	33441
Alderman	FL	0.0	33523
Lemon Grove	FL	0.0	33890 33873
Live Oak	FL	30511.0	32060 32064
Perkins	FL	0.0	32317
Inverness Highlands South	FL	7477.0	34452
Jessamine	FL	0.0	33523
Thompson	FL	0.0	33037
Bonifay	FL	0.0	32425
Rye	FL	0.0	34212
Evergreen	FL	0.0	32097
Jennings	FL	0.0	32053
Chuluota	FL	0.0	32766
Jones Landing	FL	0.0	32765
Orangetree	FL	0.0	34120
Greensboro	FL	0.0	32330
Ashmore	FL	0.0	32358
Campbell	FL	2132.0	34746
Deep Creek	FL	0.0	32055
Webster	FL	0.0	33597
Windsor	FL	0.0	32963
Byrneville	FL	0.0	32535
Henderson Mill	FL	0.0	32421
Fairview	FL	0.0	32096
Deem City	FL	0.0	33493
Fortymile Bend	FL	0.0	33194
Raiford	FL	0.0	32083
Ponce de Leon	FL	0.0	32455
The Acreage	FL	40771.0	33411 33412 33470
Sylvan Lake	FL	0.0	32771
Gilberts Mill	FL	0.0	32428
Williford	FL	0.0	32643
Neilhurst	FL	0.0	32003
Orsino	FL	0.0	32780
Vista	FL	0.0	32626
South Bay	FL	0.0	33493
Mount Plymouth	FL	0.0	32776
Madison	FL	0.0	32340 32341
Union Park	FL	0.0	32825 32817
Holland	FL	0.0	32310
Tilton	FL	0.0	32320
Beacon Lakes	FL	0.0	34691
Silver Springs Shores East	FL	0.0	32179
Myakka Head	FL	0.0	34251
Gordonville	FL	0.0	33830
East Naples	FL	0.0	34112
Royal Palm Estates	FL	0.0	33413
Carrabelle	FL	0.0	32322
Reunion	FL	0.0	34747
Summerport Beach	FL	0.0	34786
Winter Garden	FL	0.0	34778 34787 34777
Hollywood	FL	0.0	33027 33081 33019 33083 33029 33084 33024 33023 33020 33025 33022 33021 33026
Deer Park	FL	0.0	34773
Marland	FL	0.0	33857
Freeport	FL	13306.0	32439
Istachatta	FL	0.0	34601
The Jungle	FL	0.0	33710
Cypress Harbor	FL	0.0	33060
Concord	FL	0.0	32333
Electra	FL	0.0	32179
Harbor Palms	FL	0.0	34677
Cosson Mill	FL	0.0	32435
Cedar Hills Estates	FL	0.0	32210
Valrico	FL	66257.0	33596 33594 33595
Beacon Beach	FL	0.0	32403
Mango	FL	11582.0	33550
Georgiana	FL	0.0	32952
Fern Crest Village	FL	0.0	33314
Holiday Manor	FL	0.0	33844
Juno Beach	FL	0.0	33408
Saint Josephs	FL	0.0	32771
Nash	FL	0.0	32336
Sunset Point	FL	0.0	33037
Deerwood Club	FL	0.0	32256
Eastway Park	FL	0.0	33064
Hialeah	FL	0.0	33017 33013 33018 33015 33012 33011 33014 33010 33016 33002
Pinecrest	FL	0.0	33156
Oak Knoll Estates	FL	0.0	32312
Cheval	FL	0.0	33558
Grant-Valkaria	FL	0.0	32909 32950 32949
Middle River Vista	FL	0.0	33311
Burnt Store Marina	FL	0.0	33955
Turkey Creek	FL	0.0	33566
El Destinado	FL	0.0	32312
Jessie Willies	FL	0.0	34141
Jacob City	FL	0.0	32431
Valparaiso	FL	0.0	32580
Dowling Park	FL	0.0	32060
Fort Gates	FL	0.0	32134
Korona	FL	0.0	32110
Dorcas	FL	0.0	32539
Salt Springs	FL	0.0	32134
Avon Park Lakes	FL	0.0	33825
Lake Ashby Shores	FL	0.0	32168
Melrose	FL	0.0	32666
Fort Hamer	FL	0.0	34219
Cedar Key	FL	0.0	32625
Andover Lakes Estates	FL	0.0	33169
Ravenna Park	FL	0.0	32771
Pedro	FL	0.0	34491
Port Charlotte	FL	0.0	33948 33953 33949 33954 33981 33952
Majette	FL	0.0	32404
La Grange	FL	0.0	32796
Lely	FL	0.0	34113
Oak Hill	FL	0.0	32759
Browntown	FL	0.0	32440
Lake City	FL	58545.0	32025 32024 32055 32056
Wellington	FL	0.0	33414
Rock Bluff	FL	0.0	32321
Port Sutton	FL	0.0	33619
Alexander Springs	FL	0.0	32702
Lansing	FL	0.0	34266
Trilby	FL	341.0	33593
Hammond	FL	0.0	32112
Cisky Park	FL	0.0	34748
Glencoe	FL	1074.0	32168
Balm	FL	5046.0	33503
Joshua	FL	0.0	34266
Forest Island Park	FL	0.0	33908
Camp Roosevelt	FL	0.0	34480
Breezeswept Park Estates	FL	0.0	33317
Beckhamtown	FL	0.0	32640
Lake Park Estates	FL	0.0	32208
Shady Rest	FL	0.0	32226
Eglin Afb	FL	0.0	32542
Century Village	FL	0.0	33417
Orlovista	FL	7145.0	32808 32835 32811
Tice	FL	0.0	33905
Fellowship Park	FL	0.0	32043
Magnolia Bluffs	FL	0.0	32328
Miami Lakes	FL	30582.0	33014 33016 33018 33002
Mildred	FL	0.0	34972
Eleven Mile	FL	0.0	32456
Boulevard Gardens	FL	1753.0	33311
Defuniak Springs	FL	0.0	32435 32433
Antioch	FL	0.0	33527
Houston	FL	0.0	32060
Cornwell	FL	0.0	33857
Woodlawn Beach	FL	0.0	32563
Mohawk	FL	0.0	34715
Kensington Park	FL	0.0	34235 34230
East Gate Park	FL	0.0	33311
Southfort	FL	0.0	34269
Bonaventure	FL	0.0	32955
Lowry	FL	0.0	32334
Stockade	FL	0.0	32256
Tildenville	FL	0.0	34787
Scotland	FL	0.0	32333
Barker Store	FL	0.0	32464
Sharpes	FL	0.0	32959
Winfield	FL	0.0	32055
Whiskey Creek	FL	5261.0	33919
Truckland	FL	0.0	33908
Red Level	FL	0.0	34428
Palm Beach Gardens	FL	0.0	33410 33418
Wellborn	FL	0.0	32094
Aurora	FL	0.0	32934
Cunningham Estates	FL	0.0	33541
Luraville	FL	0.0	32060
Riviera Beach	FL	0.0	33407 33404 33419
Burbank	FL	0.0	32134
Bunnell	FL	0.0	32110
Trailtown	FL	0.0	34141
Sunvale	FL	0.0	33852
Pebble Creek	FL	0.0	33647
Wauchula	FL	0.0	33873
DeLand	FL	0.0	32720 32723 32724 32721
Orange Mills	FL	0.0	32131
Bradfordville	FL	0.0	32312 32309 32318
Fakahatchee	FL	0.0	34114
Page Park	FL	0.0	33907
Wewahitchka	FL	0.0	32449
Orange	FL	0.0	32321
Opa-locka	FL	0.0	33054
Hill 'n Dale	FL	0.0	34602
Broward Highlands	FL	0.0	33441
McDavid	FL	0.0	32568
Glass	FL	0.0	32431
Sunnyside	FL	0.0	34748
Crystal Beach	FL	0.0	34681
Pea Ridge	FL	4190.0	32583 32571
Cypress Point	FL	0.0	32131
Lacoochee	FL	1562.0	33537
Perdido Bay	FL	0.0	32507
Bronson	FL	0.0	32621
Seminole Springs	FL	0.0	32736
Oneco	FL	0.0	34264
Newnans Lake Homesites	FL	0.0	32641
Stuart	FL	0.0	34994 34996 34995 34997
Corkscrew	FL	0.0	34142
Verandah	FL	0.0	33905
Hodgson	FL	0.0	32696
Bellville	FL	0.0	32053
Oxford	FL	0.0	34484
Sconiers Mill	FL	0.0	32435
Cassadaga	FL	0.0	32706
Salvista	FL	0.0	33917
Beachville	FL	0.0	32071
Sunrise Heights	FL	0.0	33313
Richmond West	FL	0.0	33177 33187
Pine Forest	FL	0.0	32526
Ponte Vedra	FL	0.0	32081
Palm River Estates	FL	0.0	34110
Santa Fe Beach	FL	0.0	32694
Goulding	FL	0.0	32503 32501
Bay Pines	FL	2746.0	33744
Bluefield	FL	0.0	34974
Holt	FL	0.0	32564
Big Pine Key	FL	0.0	33043
Kenny	FL	0.0	32040
Wedgefield	FL	0.0	32833
Merediths	FL	0.0	32618
Alcoma	FL	0.0	33898
Boyd	FL	0.0	32347
Lake Alfred	FL	0.0	33850
Viera East	FL	0.0	32955 32940 32923 32924
Rock Hill	FL	0.0	32435
Inlet Beach	FL	0.0	32461
Drexel	FL	0.0	34638
Yellow Jacket	FL	0.0	32680
Paradise Point	FL	0.0	34429
South Highpoint	FL	5744.0	33760
Choctaw Beach	FL	0.0	32439
Harlem Heights	FL	1889.0	33908
East Lake Weir	FL	0.0	32133
Georgetown	FL	853.0	32139
Waveland	FL	0.0	34957
Hinson	FL	0.0	32333
Blue Springs	FL	0.0	32052
Merritt Island	FL	0.0	32952 32954 32953
Dames Point Manor	FL	0.0	32226
Lakeview	FL	0.0	33442
Dade City North	FL	0.0	33525 33523
Bratt	FL	0.0	32535
New Port Richey East	FL	0.0	34668 34653
Lady Lake	FL	0.0	32158 32159
Sabal Palms Estates	FL	0.0	33068
Indian Pass	FL	0.0	32456
Hornsville	FL	0.0	32423
Astor	FL	2319.0	32102
Charlotte Harbor	FL	0.0	33980
Palm River	FL	0.0	34110
Summerfield	FL	0.0	34492 34491
Carrabelle Beach	FL	0.0	32322
Coral Manor	FL	0.0	33441
Taylor Creek	FL	0.0	34974
Boynton Beach	FL	0.0	33472 33437 33473 33474 33425 33424 33436 33426 33435
Open Sands	FL	0.0	32413
Kincaid Hills	FL	0.0	32641
Bookertown	FL	0.0	32771
Baywood	FL	0.0	32177
Saint George	FL	0.0	34684
Bellview	FL	22613.0	32526
Lely Resort	FL	0.0	34113
Wright	FL	0.0	32548 32547
Sunset Harbor	FL	0.0	34491
North Bal Harbor	FL	0.0	33305
Hialeah Estates	FL	0.0	33012
Ridge Manor	FL	0.0	33523
Viera West	FL	0.0	32955 32940
Mims	FL	0.0	32754
Piedmont	FL	0.0	32703
Econfina	FL	0.0	32466
Palm Beach Farms	FL	0.0	33413
Fort Myers Beach	FL	0.0	33931 33932
Tampa	FL	0.0	33610 33626 33685 33655 33620 33681 33677 33607 33689 33618 33622 33646 33608 33624 33637 33601 33687 33631 33603 33619 33673 33675 33679 33625 33629 33609 33635 33682 33688 33611 33633 33605 33660 33686 33614 33647 33615 33684 33680 33694 33630 33634 33602 33612 33650 33672 33617 33606 33613 33604 33623 33674 33621 33616 33664
Pensacola	FL	0.0	32523 32522 32502 32526 32521 32501 32504 32516 32520 32508 32513 32505 32534 32512 32591 32514 32524 32559 32507 32503 32506 32511 32509
Oakland Park	FL	0.0	33306 33309 33334 33310 33335
Pelican Marsh	FL	0.0	34109 34108
Rixford	FL	0.0	32060
Lois	FL	0.0	32344
Celebration	FL	0.0	34747
Keri	FL	0.0	33930
Seminole Manor	FL	0.0	33462
Davenport	FL	0.0	33896
Portland	FL	0.0	32439
Fish Creek	FL	0.0	32348
Italia	FL	0.0	32011
Montague	FL	0.0	34480
Cypress Lake	FL	12334.0	33919
Blowing Rocks	FL	0.0	33455
Isles of Capri	FL	0.0	34113
Hulaw	FL	0.0	32428
Holden Heights	FL	3485.0	32805 32839 32855
Early Bird	FL	0.0	32668
Westchase	FL	0.0	33626
Mission City	FL	0.0	32168
Ojus	FL	16530.0	33179 33180
Kalamazoo	FL	0.0	32764
Silver Palm	FL	0.0	33170
Rutland	FL	0.0	33538
Brickton	FL	0.0	32577
Tamarac	FL	0.0	33321 33319 33349 33359
Fox Town	FL	0.0	33809
Narcoossee	FL	0.0	34771
Rocksprings	FL	0.0	34432
Belle Glade	FL	0.0	33430
Sarasota Colony	FL	0.0	34974
Muscogee	FL	0.0	32533
Lake Worth	FL	0.0	33467 33465 33462 33466 33461 33463 33449
McGregor	FL	0.0	33919
Oakdale	FL	0.0	32448
Kent	FL	0.0	32046
Hallandale	FL	0.0	33008 33009
Lovedale	FL	0.0	32423
Catawba	FL	0.0	34436
Darlington	FL	0.0	32464
Pineville	FL	0.0	32568
Fanlew	FL	0.0	32344
Fullers	FL	0.0	34761
Russell	FL	0.0	32043
Center Park	FL	0.0	32246
Crystal Springs	FL	0.0	33524
Eastport	FL	0.0	32218
Fort Myers Shores	FL	0.0	33905
Dublin	FL	0.0	32757
Ocean Breeze Park	FL	0.0	34957
Old Fernandina	FL	0.0	32034
Live Oak Island	FL	0.0	32327
Limestone	FL	0.0	33865
Copeland	FL	0.0	34137
Darby	FL	0.0	33525
Florida Ridge	FL	0.0	32962
Farm Hill	FL	0.0	32533
Round Lake	FL	0.0	32420
Hernando	FL	0.0	34441 34442
Okeelanta	FL	0.0	33430
Okahumpka	FL	0.0	34762
River Ridge	FL	5352.0	34655 34654
Pasadena Hills	FL	0.0	33525 33541 33545 33539
Sanderson	FL	0.0	32087
Little Lake City	FL	0.0	32619
Whitfield Estates	FL	0.0	34243
Lakewood	FL	0.0	32433
Cooks Hammock	FL	0.0	32066
Santa Rosa Beach	FL	0.0	32459
Lake Cain Hills	FL	0.0	32819
Doral	FL	0.0	33178 33172 33122 33126 33166 33191
Aurantia	FL	0.0	32754
Niles	FL	0.0	32456
The Pines	FL	0.0	33145
Dekle Beach	FL	0.0	32348
Habor Bluffs	FL	0.0	33770
Milltown	FL	0.0	32456
Pinellas Park	FL	0.0	33782 33781 33780
Sixmile Bend	FL	0.0	33430
Coral Terrace	FL	0.0	33144 33155 33245
Ridgewood	FL	0.0	32065
Tequesta	FL	0.0	33469
Satellite Beach	FL	0.0	32937
Summer Haven	FL	0.0	32080
Purvis Still	FL	0.0	32096
Davie	FL	104782.0	33324 33325 33331 33330 33328 33314 33355
Fort White	FL	0.0	32038
Dade City	FL	0.0	33525 33523 33526
South Apopka	FL	7688.0	32703 32793
Silver Springs Shores	FL	25363.0	34472
Townsend	FL	0.0	32066
Providence	FL	0.0	33809
Springside	FL	0.0	32177
Palmo	FL	0.0	32092
Ochopee	FL	0.0	34141
Lochloosa	FL	0.0	32662
Inglis	FL	0.0	34449
Coquina Gables	FL	0.0	32080
Knights	FL	0.0	33565
Limestone Creek	FL	1597.0	33458
Conners Ford	FL	0.0	32334
Saratoga	FL	0.0	32189
Newco	FL	0.0	32025
Gotha	FL	0.0	34734
Saint Augustine	FL	0.0	32086 32092 32085 32095 32080 32084
Eldorado	FL	0.0	34748
Cobb Cross Roads	FL	0.0	32440
Buckingham West	FL	0.0	32607
Umatilla	FL	10929.0	32784
Holland Crossroads	FL	0.0	32425
Spring Creek	FL	0.0	32327
Wekiwa Springs	FL	0.0	32779 32752 32791
Fern Park	FL	0.0	32751 32730
Tropical Park	FL	1926.0	32953
Port Orange	FL	0.0	32129 32127 32128 32123
Avon Park	FL	0.0	33826 33825
Betts	FL	0.0	32438
Tiger Bay	FL	0.0	33841
Pleasant Grove	FL	0.0	32433
Vicksburg	FL	0.0	32409
Rosewood	FL	0.0	32625
Ards Crossroads	FL	0.0	32425
Gulf Breeze	FL	0.0	32562 32563
Lake Fern	FL	0.0	33556
Ingle	FL	0.0	32009
Medart	FL	0.0	32327
Leno	FL	0.0	32043
North Merritt Island	FL	0.0	32953
Progress Village	FL	0.0	33619 33578
Starkes Ferry	FL	0.0	32784
Broad Branch	FL	0.0	32466
Town 'n' Country	FL	0.0	33634 33635 33615 33685
Poyner	FL	0.0	33868
Watertown	FL	0.0	32055 32025
Shady Grove	FL	0.0	32442
Delespine	FL	0.0	32927
Poinsettia Park	FL	0.0	33881
Skytop	FL	0.0	34711
Twentymile	FL	0.0	32081
Immokalee	FL	0.0	34143 34142
Keuka	FL	0.0	32148
Killingsworth Crossroads	FL	0.0	32539
Archer	FL	24864.0	32618
Jonesville	FL	0.0	32669
Villa Sabine	FL	0.0	32561
Solana	FL	0.0	33950
Clermont	FL	0.0	34715 34712 34711 34713 34714
Eva	FL	0.0	33868
Wilson	FL	0.0	32780
Manasota Beach	FL	0.0	34223
Lantana	FL	11516.0	33462 33464
Middle River	FL	0.0	33311
Archbold	FL	0.0	33960
Marion Oaks	FL	0.0	34473
Daysville	FL	0.0	32608
Highland Park	FL	172.0	33898
Conner	FL	0.0	34488
Waterbury	FL	0.0	34251
Jarrett	FL	0.0	32344
Chipola	FL	0.0	32421
South Tampa	FL	0.0	33619
Izagora	FL	0.0	32425
Manhattan	FL	0.0	34251
Armstrong	FL	0.0	32033
Pennsuco	FL	0.0	33018
Quincy	FL	0.0	32352 32353 32351
Buffalo Bluff	FL	0.0	32189
Sky Lake	FL	0.0	32809 32859
Sunbeam	FL	0.0	32256
Tarrytown	FL	0.0	33597
Rock Island	FL	0.0	34141
Manalapan	FL	0.0	33462
Dixie	FL	0.0	34602
Weathersfield	FL	0.0	32714
Belandville	FL	0.0	32570
Pass Station	FL	0.0	32043
Forest City	FL	0.0	32714 32703
Sinai	FL	0.0	32460
North Palm Beach	FL	0.0	33408
Belle Isle	FL	0.0	32809 32812
Aucilla	FL	0.0	32344
Shired Island	FL	0.0	32680
Lake Wales	FL	38297.0	33859 33853 33898
Scanlon	FL	0.0	32336
Lighthouse Point	FL	0.0	33064
Bassville Park	FL	0.0	34788
Holiday	FL	0.0	34692 34691 34690
Westlake	FL	538.0	33470
Farmton	FL	0.0	32764
Ocean View Heights	FL	0.0	33133
Pine Ridge	FL	0.0	34465 34442 34445 34460
Debary	FL	0.0	32713 32753
Bland	FL	0.0	32615
Cameron City	FL	0.0	32773
Hobbs Crossroads	FL	0.0	32464
San Jose Forest	FL	0.0	32217
Kern	FL	0.0	32321
University	FL	0.0	33549 33613 33612 33559
Lundy	FL	0.0	32177
Sunland Gardens	FL	0.0	34947
Williamsburg	FL	0.0	32821
Acline	FL	0.0	33950
Pine Dale	FL	0.0	33860
Evinston	FL	0.0	32667
Brookside	FL	0.0	32948
Bell	FL	0.0	32619
Lacymark	FL	0.0	32055
Point Washington	FL	0.0	32459
Rose	FL	0.0	32305
South Bradenton	FL	24972.0	34205 34207 34210
Warm Mineral Springs	FL	0.0	34287
Sun Valley	FL	0.0	33437
South Pine Lakes	FL	0.0	32736
Marcy	FL	0.0	34974
Loch Lommond	FL	0.0	32656
Hosford	FL	1494.0	32334
Roseland	FL	0.0	32957
Cocoa West	FL	0.0	32922 32926
Azalea Park	FL	0.0	32822 32807 32857
West Pensacola	FL	0.0	32505 32506 32507
Pine Hills	FL	0.0	32808 32818 32710 32858 32868 32869
Florence	FL	0.0	32333
Lake Kathryn	FL	0.0	32767
Williston Highlands	FL	0.0	32696 32668
Tropical Gulf Acres	FL	0.0	33955
Conant	FL	0.0	32159
Beacon Hill	FL	0.0	32456
Golden Glades	FL	0.0	33168 33161 33162 33169
Cypress Gardens	FL	0.0	33884 33882
Rio Vista Isles	FL	0.0	33316
Highland	FL	0.0	32058
Vandolah	FL	0.0	33865
Zephyrhills	FL	55816.0	33542 33540 33541 33539
Moon Lake	FL	4458.0	34654
Carrollwood	FL	35846.0	33624 33618 33688
South Clewiston	FL	0.0	33440
Dukes	FL	0.0	32054
Venice Gardens	FL	0.0	34293
North Weeki Wachee	FL	0.0	34613
Cody	FL	0.0	32344
Indian Shores	FL	0.0	33785
Avalon Beach	FL	0.0	32583
Pine Manor	FL	0.0	33907
Rainbow Park	FL	0.0	34481
Peniel	FL	0.0	32177
San Mateo	FL	0.0	32187
Wakulla Springs	FL	0.0	32327
Pinetta	FL	0.0	32350
Pine Castle	FL	0.0	32809 32839
Green Bay	FL	0.0	33830
Relay	FL	0.0	32110
Plantation Gardens	FL	0.0	33317
Feather Sound	FL	3351.0	33762
New York	FL	0.0	32565
Osprey	FL	0.0	34229
Atlantis	FL	1814.0	33462
Chatham	FL	0.0	33034
Baker Settlement	FL	0.0	32464
East Mims	FL	0.0	32796
Pembroke Pines	FL	0.0	33082 33028
Plant City	FL	0.0	33564 33566 33565 33563 33567
Eldred	FL	0.0	34982
Acacia Villas	FL	0.0	33415 33406
Casa Cola	FL	0.0	32095
Frink	FL	0.0	32430
Deltona	FL	0.0	32738 32739 32725 32728
Pioneer	FL	0.0	33440
Kendale Lakes	FL	0.0	33175 33183
Newcastle	FL	0.0	32277
Nokomis	FL	0.0	34274 34275
Apollo Beach	FL	0.0	33572
South Trail	FL	0.0	34231
Pompano Isles	FL	0.0	33062
El Jobean	FL	0.0	33927
Sandy	FL	0.0	34251
Sumatra	FL	0.0	32335
Martin	FL	0.0	34482
Parkland	FL	33772.0	33076 33067
Sharpstown	FL	0.0	32424
Middleburg	FL	0.0	32068 32050
Samoset	FL	0.0	34208
Holopaw	FL	0.0	34773
Peaden	FL	0.0	32531
East Palatka	FL	0.0	32131
San Antonio	FL	0.0	33576
Meridian	FL	0.0	32312
Bridges	FL	0.0	33865
Skipper	FL	0.0	32346
Barber Quarters	FL	0.0	34972
Bessent	FL	0.0	32063
Deanville	FL	0.0	32110
Dills	FL	0.0	32344
Kingsley	FL	0.0	32091
Saga Bay	FL	0.0	33189
Alliance	FL	0.0	32448
Lisbon	FL	0.0	34788
Garden Cove	FL	0.0	33037
Maxcy Quarters	FL	0.0	33843
Columbia	FL	0.0	32024
Black Creek	FL	0.0	32309
Walkill	FL	0.0	32043
Park Haven	FL	0.0	33064
Zana	FL	0.0	34956
Miami Springs	FL	13880.0	33166 33011
Milligan	FL	0.0	32537
South Gate Ridge	FL	6125.0	34231 34233
Andrews	FL	0.0	32626 32693
West Palm Beach	FL	0.0	33415 33407 33401 33405 33409 33412 33413 33419 33422 33406 33411 33420 33416 33404 33402 33403 33417
Rainbow Lakes Estates	FL	0.0	34431
Helen	FL	0.0	32305
Jupiter Farms	FL	0.0	33478
McKinnon	FL	0.0	32568
Princeton	FL	0.0	33032 33092
Bluffton	FL	0.0	32102
Carlton	FL	0.0	34986
Carraway	FL	0.0	32177
Wesley Chapel	FL	0.0	33544 33545 33543
Carbur	FL	0.0	32356
The Hammocks	FL	0.0	33196 33186
East Milton	FL	0.0	32583
Yamato	FL	0.0	33487
Monet	FL	0.0	33410
Citra	FL	4966.0	32113
Littman	FL	0.0	32352
Odessa	FL	7682.0	33556 33558
Moultrie	FL	0.0	32086
Hilliard	FL	0.0	32046
Gibsonton	FL	320.0	33534
Canova Beach	FL	0.0	32937
Cypress Isles Estates	FL	0.0	33060
Carlson	FL	0.0	33538
Bay Harbor Islands	FL	0.0	33154
Country Club Trail	FL	0.0	33436
Dahoma	FL	0.0	32009
Enterprise	FL	0.0	32725
Nashua	FL	0.0	32189
Cary	FL	0.0	32219
Auburn	FL	0.0	32539
Wilton Manors	FL	0.0	33305 33334 33311
Cumpressco	FL	0.0	33597
Hinsons Crossroads	FL	0.0	32427
Crewsville	FL	0.0	33890
Brownsdale	FL	0.0	32565
Parmalee	FL	0.0	34251
Sans Pareil	FL	0.0	32224
Carrabelle Lighthouse	FL	0.0	32322
Lake Forest Manor	FL	0.0	32208
Sugarton	FL	0.0	33440
Ponce Inlet	FL	3342.0	32127 32169 32168
Yulee Heights	FL	0.0	32097
Nichols	FL	0.0	33863
Saint Joseph	FL	0.0	33525
Harbinwood Estates	FL	0.0	32303
Doctor Phillips	FL	0.0	32836 32819
Sumterville	FL	0.0	33585
Crawford	FL	0.0	32011
Lauderhill	FL	73935.0	33351 33313 33311 33319 33083
Jan Phyl Village	FL	7061.0	33880
Southmere	FL	0.0	32754
Eaton Park	FL	0.0	33840
Newburn	FL	0.0	32060
Fort Pierce	FL	699.0	34982 34949 34947 34979 34981 34954 34950 34945 34946 34948 34951
Brannonville	FL	0.0	32404
Mosquito Grove	FL	0.0	32720
Blitchton	FL	0.0	34482
Rock Ridge	FL	0.0	33868
Saint James City	FL	0.0	33956
Bee Ridge	FL	0.0	34233
Tennille	FL	0.0	32356
Saint Leo	FL	0.0	33574
Vamo	FL	0.0	34231 34229
Ponce De Leon	FL	0.0	32455
Westgate	FL	0.0	33409
Lake Harbor	FL	0.0	33459
Hooker Point	FL	0.0	33440
Matlacha	FL	827.0	33993
Trinity	FL	0.0	34655
Morningside Park	FL	0.0	32809
Gulf Pines	FL	0.0	32550
Bahama Beach	FL	0.0	32407
Salem	FL	0.0	32356
Haile	FL	0.0	32669
Melbourne Beach	FL	0.0	32951
Creels	FL	0.0	32328
Silver Bluff Estates	FL	0.0	33145
Shawano	FL	0.0	33430
Surf	FL	0.0	32346
York	FL	0.0	34481
Moriczville	FL	0.0	33565
Blountstown	FL	0.0	32424
Grayton Beach	FL	0.0	32459
Coopertown	FL	0.0	33194
Felkel	FL	0.0	32309
Manasota Key	FL	1619.0	34223
Land O'Lakes	FL	0.0	34638 34637 34639
Lawhons Mill	FL	0.0	32327
Oslo	FL	0.0	32962
Eastgate	FL	0.0	34285